artist_name,secondary_market_events,avg_secondary_price,avg_price_volatility,avg_price_range,avg_active_listings,avg_daily_price_change,high_demand_rate,high_volatility_rate,premium_pricing_rate,avg_price_observations,artist_name_std
1. FC Union Berlin vs RB Leipzig,1,34.275,0.1401381769336994,14.009999999999998,38.0,3.064,0.0,0.0,0.0,36.0,1. fc union berlin vs rb leipzig
"103.5 KISS FM's Jingle Ball with Jackson Wang, Renee Rapp, Teddy Swims and many more",1,38.68,0.1707027547294801,27.35,,6.844137931034483,0.0,0.0,0.0,120.0,"103.5 kiss fm's jingle ball with jackson wang, renee rapp, teddy swims and many more"
"11th Annual John Henry's Friends - Steve Earle, Brandi Carlile & More",1,164.655,0.1390236227342968,103.82,282.0,14.904827586206888,1.0,0.0,1.0,120.0,"11th annual john henry's friends - steve earle, brandi carlile & more"
85 South - Spin The Block Tour,1,107.61,0.2743984130215057,109.85,,35.79206896551723,0.0,1.0,1.0,120.0,85 south - spin the block tour
A Boogie Wit Da Hoodie,1,80.975,0.2309724362480951,69.14,246.0,12.627241379310345,1.0,1.0,1.0,120.0,a boogie wit da hoodie
A Drag Queen Christmas,1,56.895,0.1987686483775333,53.23,306.0,8.117931034482757,1.0,1.0,0.0,120.0,a drag queen christmas
AC/DC,2,94.5,0.3131005366528365,189.16,458.5,19.15379310344828,0.5,0.5,0.5,120.0,ac/dc
AEW Presents Dynamite,1,37.77,0.1470612736299121,19.58,211.0,3.5117241379310355,1.0,0.0,0.0,120.0,aew presents dynamite
AJR,3,67.27666666666666,0.1467975846858618,38.89000000000001,166.33333333333334,5.393199233716476,0.3333333333333333,0.3333333333333333,0.0,89.33333333333333,ajr
Acid Bath with High on Fire and Weedeater,1,94.3,0.0926796997444831,34.03,166.0,7.546551724137932,0.0,0.0,1.0,120.0,acid bath with high on fire and weedeater
Air Supply,1,87.855,0.2564636896505162,89.38,541.0,24.30241379310345,1.0,1.0,1.0,120.0,air supply
Ali Siddiq,2,54.18,0.15538733491029916,37.17,626.5,7.435862068965516,1.0,0.0,0.0,120.0,ali siddiq
All Them Witches,2,21.91,0.37531296968044053,26.055,35.5,3.7634482758620686,0.0,1.0,0.0,120.0,all them witches
Amy Grant,3,141.10833333333335,0.24776516209318053,138.43333333333334,102.0,28.621149425287356,0.0,0.6666666666666666,1.0,120.0,amy grant
Anaheim Ducks at New Jersey Devils,1,69.61,0.3857243718150345,124.82,,24.0196551724138,0.0,1.0,0.0,120.0,anaheim ducks at new jersey devils
Anaheim Ducks at New York Islanders,1,19.745,0.3374030239886997,29.96,,9.128275862068964,0.0,1.0,0.0,120.0,anaheim ducks at new york islanders
Anaheim Ducks at Pittsburgh Penguins,1,35.55,0.2267421243385968,39.98,,7.823448275862071,0.0,1.0,0.0,120.0,anaheim ducks at pittsburgh penguins
Andre Rieu,1,159.19,0.2292784826046368,149.73000000000002,194.0,32.647241379310344,0.0,1.0,1.0,120.0,andre rieu
Andrea Bocelli,2,184.4975,0.24570612577403717,191.84,387.0,42.314482758620684,0.5,1.0,1.0,120.0,andrea bocelli
Andrea Bocelli In Concert,1,121.105,0.3354770577015068,237.77000000000004,,32.85689655172415,0.0,1.0,1.0,120.0,andrea bocelli in concert
Andrew Bird,1,179.1,0.424170634666551,300.71000000000004,17.0,35.564827586206896,0.0,1.0,1.0,120.0,andrew bird
Andrew Peterson,1,81.75999999999999,0.0740806447387674,28.94,197.0,7.158275862068964,0.0,0.0,1.0,120.0,andrew peterson
Angela Aguilar,1,69.23,0.0347621548408719,6.200000000000003,193.0,2.0100000000000016,0.0,0.0,0.0,10.0,angela aguilar
Angela Aguilar - LIBRE CORAZON TOUR 2025,1,41.4,0.3015734056919981,38.1,294.0,15.815,1.0,1.0,0.0,30.0,angela aguilar - libre corazon tour 2025
Army Black Knights vs Navy Midshipmen Football,1,298.70500000000004,0.4580110747821627,605.8399999999999,,62.687931034482745,0.0,1.0,1.0,120.0,army black knights vs navy midshipmen football
Atlanta Falcons at Tampa Bay Buccaneers,1,62.27,0.1897454451281517,50.15,,14.78758620689655,0.0,0.0,0.0,120.0,atlanta falcons at tampa bay buccaneers
Atreyu,1,34.54,0.1390393724505458,18.61,71.0,2.243448275862069,0.0,0.0,0.0,120.0,atreyu
August Burns Red & The Amity Affliction: The Springs Horizons Tour,2,60.337500000000006,0.0817807625388989,11.934999999999995,57.0,4.881666666666666,0.0,0.0,0.0,7.0,august burns red & the amity affliction: the springs horizons tour
Austin FC at Inter Miami CF,1,118.46,0.1229731353984511,38.16999999999999,171.0,9.001999999999999,0.0,0.0,1.0,12.0,austin fc at inter miami cf
BERT KREISCHER: PERMISSION TO PARTY,1,57.94,0.111917978397572,29.000000000000007,,5.468275862068967,0.0,0.0,0.0,120.0,bert kreischer: permission to party
Babyface,1,91.03,0.1161838498907743,52.55,21.0,9.214137931034482,0.0,0.0,1.0,120.0,babyface
Bad Bunny,3,270.8366666666667,0.16230929938205146,177.9766666666667,349.3333333333333,45.73068965517242,1.0,0.0,1.0,120.0,bad bunny
Bailey Zimmerman,1,84.78999999999999,0.1304282350307609,28.429999999999996,,18.053999999999995,0.0,0.0,1.0,12.0,bailey zimmerman
Banda MS,1,45.175,0.1061594573025988,18.14,180.0,4.695172413793103,0.0,0.0,0.0,120.0,banda ms
Bayface,1,100.95,0.1087713818154725,48.120000000000005,338.0,13.631724137931034,1.0,0.0,1.0,120.0,bayface
Beauty And The Beast,1,54.145,0.2525823338429237,48.0,144.0,12.218620689655172,0.0,1.0,0.0,120.0,beauty and the beast
Bela Fleck,1,56.375,0.4483708385994474,77.97,,13.506363636363636,0.0,1.0,0.0,48.0,bela fleck
Ben Folds,1,78.86500000000001,0.309903880478301,124.21,6.0,19.542413793103453,0.0,1.0,1.0,120.0,ben folds
Bert Kreischer,2,47.6025,0.17381423495944737,40.18499999999999,,6.507931034482757,0.0,0.5,0.0,120.0,bert kreischer
Big Time Rush,1,48.88,0.3985260697122275,86.73,81.0,13.23896551724138,0.0,1.0,0.0,120.0,big time rush
Billy Strings,15,106.163,0.17372375609910068,50.86333333333334,521.75,20.27031034482759,0.5333333333333333,0.3333333333333333,0.6,32.0,billy strings
Billy Strings - 2 Day Pass,2,331.6875,0.306491395399839,195.69,49.5,73.71666666666667,0.0,0.5,1.0,8.0,billy strings - 2 day pass
Black Coffee,1,160.505,0.1874229099244005,82.47000000000001,161.0,55.01800000000001,0.0,0.0,1.0,12.0,black coffee
Blippi,1,60.01,0.1672890957686407,44.49,317.0,7.576896551724136,1.0,0.0,0.0,120.0,blippi
Blue Man Group,2,58.355000000000004,0.08552656219475595,11.350000000000001,563.0,4.540000000000001,1.0,0.0,0.0,8.0,blue man group
Blue October,1,35.095,0.163561937860308,21.610000000000003,95.0,5.500344827586209,0.0,0.0,0.0,120.0,blue october
Bohse Onkelz,1,227.465,0.1391702522615494,113.13,54.0,33.47363636363636,0.0,0.0,1.0,48.0,bohse onkelz
Boston Ballet - The Nutcracker,1,165.79500000000002,0.2744357142214648,107.0,104.0,71.864,0.0,1.0,1.0,12.0,boston ballet - the nutcracker
Boston Ballet: The Nutcracker,3,78.49,0.1674742799559037,39.60999999999999,89.0,17.731555555555556,0.0,0.3333333333333333,0.6666666666666666,30.0,boston ballet: the nutcracker
Boston Bruins at St. Louis Blues,1,20.515,0.3699724390825055,47.53,,6.6593103448275865,0.0,1.0,0.0,120.0,boston bruins at st. louis blues
Boston Bruins at Winnipeg Jets,1,43.395,0.274977370751542,57.84,,11.972413793103447,0.0,1.0,0.0,120.0,boston bruins at winnipeg jets
Boston Celtics at Milwaukee Bucks,1,28.245,0.4876904822039321,54.5,,8.428275862068967,0.0,1.0,0.0,120.0,boston celtics at milwaukee bucks
Brad Paisley,1,48.6,0.3528844329902926,85.60000000000001,,20.630344827586207,0.0,1.0,0.0,120.0,brad paisley
Brad Williams,1,56.55,0.2194601296615569,54.56999999999999,,12.079310344827588,0.0,1.0,0.0,120.0,brad williams
Brandy & Monica: The Boy Is Mine Tour,1,95.685,0.1687858054609298,77.64,,15.023448275862068,0.0,0.0,1.0,120.0,brandy & monica: the boy is mine tour
Brett Eldredge,1,86.98,0.2024132874627868,89.47,375.0,12.98586206896552,1.0,1.0,1.0,120.0,brett eldredge
Brooklyn Nets at Dallas Mavericks,1,29.56,0.5882343308141005,97.71,,18.610000000000003,0.0,1.0,0.0,120.0,brooklyn nets at dallas mavericks
Bryan Adams,1,70.41,0.1899662362016943,42.690000000000005,4.0,8.261724137931036,0.0,0.0,0.0,120.0,bryan adams
Buffalo Sabres at Calgary Flames,1,9.64,0.4002060332889056,18.97,883.0,4.1658620689655175,1.0,1.0,0.0,120.0,buffalo sabres at calgary flames
Buffalo Sabres at Edmonton Oilers,1,28.89,0.2672432109214491,36.76,,8.734827586206897,0.0,1.0,0.0,120.0,buffalo sabres at edmonton oilers
Buffalo Sabres at Vancouver Canucks,1,34.705,0.1591122104575529,19.93,,5.774137931034482,0.0,0.0,0.0,120.0,buffalo sabres at vancouver canucks
"Bulls, Bands and Barrels featuring Ella Langley & Braxton Keith",1,88.36,0.1618510265748944,37.88000000000001,,17.058333333333334,0.0,0.0,1.0,14.0,"bulls, bands and barrels featuring ella langley & braxton keith"
Burna Boy,3,49.54,0.1921497203655669,42.23,,8.196551724137931,0.0,0.3333333333333333,0.0,120.0,burna boy
Bush,1,56.185,0.2131876655627508,35.60999999999999,585.0,7.791724137931034,1.0,1.0,0.0,120.0,bush
Cake,1,91.16,0.5531360156831775,297.98,116.0,41.83137931034483,0.0,1.0,1.0,120.0,cake
Cake and Myles Smith,1,72.27000000000001,0.2383765721523463,56.92,83.0,4.973793103448276,0.0,1.0,0.0,120.0,cake and myles smith
Calgary Flames at Los Angeles Kings,1,41.25,0.488288508336242,90.31,973.0,15.057586206896552,1.0,1.0,0.0,120.0,calgary flames at los angeles kings
Carolina Ballet - The Nutcracker,1,43.29,0.263388380186682,31.32,883.0,19.0775,1.0,1.0,0.0,10.0,carolina ballet - the nutcracker
Carolina Hurricanes at Philadelphia Flyers,1,63.77,0.1787064248570925,59.5,,10.884827586206896,0.0,0.0,0.0,120.0,carolina hurricanes at philadelphia flyers
Carolina Hurricanes at Washington Capitals,1,39.36,0.1996237290072283,34.51,,6.505172413793103,0.0,1.0,0.0,120.0,carolina hurricanes at washington capitals
Cash Money Millionaires,1,53.055,0.5880181453717795,161.42000000000002,566.0,18.410689655172416,1.0,1.0,0.0,120.0,cash money millionaires
CeCe Winans,3,58.26,0.156898782540072,44.623333333333335,248.33333333333334,6.650919540229885,0.6666666666666666,0.6666666666666666,0.3333333333333333,120.0,cece winans
Celtic Woman,1,81.79,0.2480197630774368,62.690000000000005,265.0,21.24,1.0,1.0,1.0,68.0,celtic woman
Chance Pena,3,47.846666666666664,0.27699778262059355,39.723333333333336,43.666666666666664,10.775833333333333,0.0,0.6666666666666666,0.0,10.0,chance pena
"Channel 95.5's Jingle Ball with Conan Gray, Jessie Murph, Zara Larsson and many more",1,58.8,0.1845470537100821,49.85000000000001,,7.892068965517241,0.0,0.0,0.0,120.0,"channel 95.5's jingle ball with conan gray, jessie murph, zara larsson and many more"
Chevelle,1,55.83,0.820968713921569,181.98,111.0,46.55,0.0,1.0,0.0,10.0,chevelle
Chicago Blackhawks at St. Louis Blues,1,72.225,0.3316333396158047,116.19,,24.541724137931038,0.0,1.0,0.0,120.0,chicago blackhawks at st. louis blues
Chris Isaak,1,73.6,0.0720550966719659,9.980000000000004,254.0,9.829999999999998,1.0,0.0,0.0,6.0,chris isaak
Chris Lake,3,67.30666666666666,0.08681789257744764,20.023333333333337,80.66666666666667,2.4585057471264364,0.0,0.0,0.0,120.0,chris lake
Chris Tucker,1,88.99,0.0854814870363426,16.519999999999996,457.0,11.265,1.0,0.0,1.0,6.0,chris tucker
Christian Nodal,1,55.09,0.3982133562093763,102.91,,24.86206896551724,0.0,1.0,0.0,120.0,christian nodal
Christmas Spectacular Starring The Radio City Rockettes,19,107.27815789473685,0.20334669241242498,84.54894736842105,634.5,16.371234119782212,0.3157894736842105,0.3157894736842105,0.8421052631578947,120.0,christmas spectacular starring the radio city rockettes
Ciro y los Persas,1,,,,142.0,,0.0,0.0,0.0,,ciro y los persas
Cirque du Soleil - Michael Jackson One,1,127.33,0.3719127751789888,178.65999999999997,440.0,42.460344827586205,1.0,1.0,1.0,120.0,cirque du soleil - michael jackson one
Cliff Richard,2,30.88,0.471350687715601,64.415,48.5,16.003793103448274,0.0,1.0,0.0,120.0,cliff richard
Cody Jinks,2,151.885,0.17938551644605844,108.33500000000001,,27.74448275862069,0.0,0.0,1.0,120.0,cody jinks
Colbie Caillat and Gavin DeGraw Christmas Tour 2025,1,62.385,0.2554667334195383,59.02,374.0,14.465172413793104,1.0,1.0,0.0,120.0,colbie caillat and gavin degraw christmas tour 2025
Colorado Avalanche at Nashville Predators,1,9.505,0.514044646698612,30.200000000000003,,5.358965517241379,0.0,1.0,0.0,120.0,colorado avalanche at nashville predators
Colter Wall,4,44.95625,0.28485256803453957,52.1125,592.0,9.093017241379311,0.75,0.75,0.0,120.0,colter wall
Columbus Blue Jackets at Carolina Hurricanes,1,30.05,0.2577310922415133,33.07,,7.85,0.0,1.0,0.0,120.0,columbus blue jackets at carolina hurricanes
Corey Holcomb: The 5150 Industry Repo Show,1,45.33,0.1113310713926984,13.97,502.0,5.244999999999999,1.0,0.0,0.0,10.0,corey holcomb: the 5150 industry repo show
Creighton Bluejays at Xavier Musketeers Basketball,1,,,,148.0,,0.0,0.0,0.0,,creighton bluejays at xavier musketeers basketball
Cross Canadian Ragweed and Turnpike Troubadours,1,125.95,0.1112679402866421,31.65000000000001,149.0,15.825000000000005,0.0,0.0,1.0,6.0,cross canadian ragweed and turnpike troubadours
D-Block Europe,6,68.16333333333334,0.2542936819022062,43.85333333333333,108.66666666666667,19.815333333333335,0.0,0.5,0.5,26.666666666666668,d-block europe
Dallas Stars at Minnesota Wild,1,59.015,0.2631180609560202,67.6,,17.90793103448276,0.0,1.0,0.0,120.0,dallas stars at minnesota wild
Dallas Stars at Winnipeg Jets,1,29.090000000000003,0.2400756549616043,38.74,,7.146206896551724,0.0,1.0,0.0,120.0,dallas stars at winnipeg jets
Damiano David,2,52.87,0.19060488329561648,41.05,103.5,5.36896551724138,0.0,0.5,0.0,120.0,damiano david
Danity Kane,1,84.6,0.1287994070318943,41.19000000000001,9.0,8.495862068965517,0.0,0.0,1.0,120.0,danity kane
Dave Chappelle,1,85.47,0.4768780812723679,194.71,,37.52153846153846,0.0,1.0,1.0,56.0,dave chappelle
DePaul Blue Demons at Xavier Musketeers Basketball,1,,,,225.0,,1.0,0.0,0.0,,depaul blue demons at xavier musketeers basketball
Demetri Martin: The Quick Draw Tour,1,53.75,0.1182687831958956,24.99,779.0,5.47103448275862,1.0,0.0,0.0,120.0,demetri martin: the quick draw tour
Detroit Red Wings at Calgary Flames,1,13.0,0.4635674942367015,37.52,,4.538620689655173,0.0,1.0,0.0,120.0,detroit red wings at calgary flames
Detroit Red Wings at Chicago Blackhawks,1,146.635,0.4870692052548069,252.42,689.0,68.55896551724136,1.0,1.0,1.0,120.0,detroit red wings at chicago blackhawks
Detroit Red Wings at Edmonton Oilers,1,42.885000000000005,0.2754823698539735,62.86,,12.492413793103449,0.0,1.0,0.0,120.0,detroit red wings at edmonton oilers
Detroit Red Wings at Vancouver Canucks,1,35.07,0.2518238654132002,35.53,,9.455862068965518,0.0,1.0,0.0,120.0,detroit red wings at vancouver canucks
Diana Krall,1,195.93,0.1054950788099811,43.160000000000025,1.0,37.33500000000002,0.0,0.0,1.0,6.0,diana krall
Diego Torres,1,87.46,0.1744506544493325,52.3,127.0,19.945,0.0,0.0,1.0,44.0,diego torres
Dijon,2,35.33,0.2085174782157859,31.46,450.0,8.373103448275861,0.5,0.5,0.0,120.0,dijon
Dillon Francis,1,27.75,0.1021785937303959,7.57,66.0,3.36,0.0,0.0,0.0,32.0,dillon francis
Disney On Ice,1,24.245,0.2995696621945783,45.32,,5.944827586206896,0.0,1.0,0.0,120.0,disney on ice
Disney On Ice - Let's Dance,2,42.542500000000004,0.19069703952117922,33.36,,7.33655172413793,0.0,0.0,0.0,120.0,disney on ice - let's dance
Disney On Ice - Road Trip Adventures,1,24.7,0.0427551035314037,2.619999999999997,,0.1306896551724136,0.0,0.0,0.0,120.0,disney on ice - road trip adventures
Doja Cat,1,121.835,0.2706350558847658,119.48000000000002,45.0,41.846896551724136,0.0,1.0,1.0,120.0,doja cat
Earl Sweatshirt,1,20.770000000000003,0.383928420672641,35.480000000000004,74.0,4.343103448275862,0.0,1.0,0.0,120.0,earl sweatshirt
"Earth, Wind & Fire",2,208.06,0.18954247300198063,177.14000000000001,177.5,25.1948275862069,0.5,0.5,1.0,120.0,"earth, wind & fire"
Edmonton Oilers at Toronto Maple Leafs,1,178.43,0.233095504299981,175.29,,39.26931034482757,0.0,1.0,1.0,120.0,edmonton oilers at toronto maple leafs
Elf The Musical,2,71.5625,0.2628349687028143,82.84,728.0,18.421551724137935,0.5,1.0,0.5,120.0,elf the musical
Ella Langley,1,76.56,0.0751098312582115,9.960000000000008,,9.960000000000008,0.0,0.0,0.0,4.0,ella langley
Engelbert Humperdinck,2,73.7025,0.15649929894664133,42.25,566.0,10.57603448275862,1.0,0.0,0.0,120.0,engelbert humperdinck
Eric Benet,2,84.195,0.13856581285112046,36.845,423.5,5.154137931034482,0.5,0.0,0.5,120.0,eric benet
Erykah Badu,2,101.1525,0.2093637954607352,78.75999999999999,331.5,13.337241379310345,0.5,0.5,1.0,120.0,erykah badu
Evanescence,36,77.59152777777778,0.24296162117981154,51.21083333333334,306.27272727272725,20.028967592592593,0.1111111111111111,0.6666666666666666,0.4166666666666667,11.666666666666666,evanescence
FC Barcelona vs Eintracht Frankfurt - European Cup,1,196.715,0.4918962435284645,396.04,116.0,50.80793103448276,0.0,1.0,1.0,120.0,fc barcelona vs eintracht frankfurt - european cup
FC St. Pauli vs RB Leipzig,1,41.945,0.3172546242455312,41.13,9.0,8.225999999999999,0.0,1.0,0.0,12.0,fc st. pauli vs rb leipzig
FKA Twigs,7,86.10928571428572,0.10649730851163046,27.892857142857142,242.4,12.17302380952381,0.14285714285714285,0.2857142857142857,0.8571428571428571,10.857142857142858,fka twigs
Florida Panthers at Colorado Avalanche,1,56.715,0.3211350744896059,76.5,,12.68413793103448,0.0,1.0,0.0,120.0,florida panthers at colorado avalanche
Florida Panthers at Dallas Stars,1,59.900000000000006,0.3681355323080993,117.6,,13.019655172413795,0.0,1.0,0.0,120.0,florida panthers at dallas stars
Florida Panthers at Utah Mammoth,1,44.02,0.2273599874808407,52.400000000000006,,8.67,0.0,1.0,0.0,120.0,florida panthers at utah mammoth
Florida Strawberry Festival with Lauren Daigle,1,124.625,0.0706486788777676,15.25,83.0,15.25,0.0,0.0,1.0,4.0,florida strawberry festival with lauren daigle
Foreigner,3,86.01166666666667,0.11696336069986835,27.27333333333334,400.0,11.713931034482762,0.6666666666666666,0.0,0.3333333333333333,48.0,foreigner
Foreigner and Lou Gramm,1,74.6,0.2669310139115493,89.27999999999999,387.0,16.64448275862069,1.0,1.0,0.0,120.0,foreigner and lou gramm
Fran Lebowitz,1,165.87,0.6969907990978412,486.79,5.0,68.20689655172414,0.0,1.0,1.0,120.0,fran lebowitz
"Fresh Start Festival with John Summit, Purple Disco Machine, Layton Giordani and many more",1,115.5,0.0095184746109145,3.299999999999997,216.0,1.4400000000000006,1.0,0.0,1.0,12.0,"fresh start festival with john summit, purple disco machine, layton giordani and many more"
Gabby's Dollhouse Live!,1,56.025000000000006,0.4534625895031806,155.72,495.0,18.69275862068966,1.0,1.0,0.0,120.0,gabby's dollhouse live!
Gary Allan,2,80.72,0.1342373372914009,25.894999999999996,462.0,13.819999999999997,0.5,0.0,0.5,8.0,gary allan
Gary Owen,9,58.31,0.0,0.0,290.125,0.0,0.5555555555555556,0.0,0.0,2.0,gary owen
Gavin Adcock,1,88.97999999999999,0.1542540194889177,64.28,54.0,12.203448275862067,0.0,0.0,1.0,120.0,gavin adcock
GenX Takeover Comedy Tour,1,78.46,0.1662858814514602,33.16,682.0,22.5575,1.0,0.0,1.0,10.0,genx takeover comedy tour
Golden Smog,1,99.0,0.1244164907271605,33.72,114.0,18.683333333333326,0.0,0.0,1.0,42.0,golden smog
Goose - 2 Day Ticket,1,206.85,0.1458848175969174,125.1,103.0,15.1348,0.0,0.0,1.0,104.0,goose - 2 day ticket
Gorgon City,1,63.05,0.022741627095531,3.649999999999999,24.0,0.7339999999999989,0.0,0.0,0.0,12.0,gorgon city
Gunna,3,139.47833333333332,0.2804335837224106,143.04,133.33333333333334,27.35220689655172,0.0,1.0,1.0,84.0,gunna
Gwinnett Ballet Theatre's The Nutcracker 2025,1,54.21,0.0283563101002592,3.1299999999999955,214.0,1.6749999999999972,1.0,0.0,0.0,6.0,gwinnett ballet theatre's the nutcracker 2025
Hamilton,8,179.82625000000002,0.21884417923748134,185.745,460.125,38.58288793103448,1.0,0.5,1.0,120.0,hamilton
Harry Potter and the Cursed Child,9,153.78222222222223,0.322339501500771,253.4322222222222,353.8888888888889,39.21544061302682,0.8888888888888888,0.6666666666666666,0.6666666666666666,120.0,harry potter and the cursed child
Hasan Minhaj and Ronny Chieng,2,72.7975,0.2287233650934779,77.56,141.0,12.73637931034483,0.5,0.5,0.5,120.0,hasan minhaj and ronny chieng
Hayla,1,32.93,0.2216086366205964,43.24999999999999,19.0,2.80551724137931,0.0,1.0,0.0,120.0,hayla
Heart,2,83.1175,0.18889095030100925,74.115,498.0,11.611551724137929,0.5,0.5,1.0,120.0,heart
Hilary Duff,1,503.01,0.0218549241843856,27.269999999999985,22.0,12.926666666666655,0.0,0.0,1.0,8.0,hilary duff
Ice Nine Kills,1,41.835,0.2654957636442809,60.8,85.0,12.243793103448278,0.0,1.0,0.0,120.0,ice nine kills
Il Volo,1,82.38499999999999,0.1493451062754181,50.85,14.0,12.732413793103444,0.0,0.0,1.0,120.0,il volo
Iliza Shlesinger,2,67.5975,0.2017015549098839,53.8,745.0,12.817758620689656,0.5,0.5,0.5,120.0,iliza shlesinger
Illinois Fighting Illini at Ohio State Buckeyes Basketball,1,15.02,0.5097596775887447,43.36,,10.644137931034482,0.0,1.0,0.0,120.0,illinois fighting illini at ohio state buckeyes basketball
Inter Miami CF at Chicago Fire,1,171.68,0.2378209069270878,115.28000000000004,527.0,29.050000000000004,1.0,1.0,1.0,12.0,inter miami cf at chicago fire
Inter Miami CF at Colorado Rapids,1,544.3399999999999,0.1503966188740327,214.29999999999995,20.0,93.87666666666662,0.0,0.0,1.0,8.0,inter miami cf at colorado rapids
Inter Miami CF at D.C. United,1,182.08,0.1647303892415045,102.74999999999996,194.0,19.448333333333327,0.0,0.0,1.0,14.0,inter miami cf at d.c. united
Inter Miami CF at New England Revolution,1,318.895,0.2911209568165874,241.52,159.0,123.362,0.0,1.0,1.0,12.0,inter miami cf at new england revolution
Inter Miami CF at New York City FC,1,232.11,0.3610504479190035,270.95000000000005,284.0,64.92800000000001,1.0,1.0,1.0,12.0,inter miami cf at new york city fc
Inter Miami CF at Orlando City SC,1,145.095,0.327483842388199,125.07,35.0,27.608,0.0,1.0,1.0,12.0,inter miami cf at orlando city sc
Inter Miami CF at Real Salt Lake,1,378.73,0.1114916311300578,104.18,94.0,62.365,0.0,0.0,1.0,10.0,inter miami cf at real salt lake
Inter Miami CF at Toronto FC,1,218.8,0.261546149578665,164.29,159.0,51.7275,0.0,1.0,1.0,10.0,inter miami cf at toronto fc
Inter vs Liverpool FC - European Cup,1,84.1,0.3801351382544004,170.67000000000002,602.0,25.84636363636364,1.0,1.0,1.0,92.0,inter vs liverpool fc - european cup
Iowa Hawkeyes at Iowa State Cyclones Basketball,1,99.245,0.5529098258344085,379.25,479.0,45.788965517241394,1.0,1.0,1.0,120.0,iowa hawkeyes at iowa state cyclones basketball
J.I.D,3,38.12833333333333,0.28317648588856614,38.056666666666665,332.6666666666667,7.539540229885058,0.3333333333333333,0.3333333333333333,0.0,120.0,j.i.d
Jacksonville IceMen at Savannah Ghost Pirates,1,22.28,0.5234758148041425,56.84,,14.16206896551724,0.0,1.0,0.0,120.0,jacksonville icemen at savannah ghost pirates
Jagged Edge - Cuffing Season Tour,1,65.435,0.3665605713312808,86.96,403.0,16.076206896551724,1.0,1.0,0.0,120.0,jagged edge - cuffing season tour
Jamiroquai,1,125.895,0.2299369957736443,101.06,96.0,14.025862068965512,0.0,1.0,1.0,120.0,jamiroquai
Jeff Arcuri,4,7.99625,0.5367772080032087,18.0075,266.5,3.182797805642633,0.75,1.0,0.0,113.0,jeff arcuri
Jeff Dunham,7,91.25071428571428,0.18681080437850842,59.807142857142864,60.666666666666664,14.752128078817735,0.0,0.14285714285714285,0.7142857142857143,73.71428571428571,jeff dunham
Jeremy Loops,1,,,,23.0,,0.0,0.0,0.0,,jeremy loops
Jerry Seinfeld,1,131.575,0.1324668128271229,73.29,629.0,17.519655172413795,1.0,0.0,1.0,120.0,jerry seinfeld
Jesse Welles,1,118.715,0.2381903742962709,81.73,3.0,11.58344827586207,0.0,1.0,1.0,120.0,jesse welles
Jimmy Barnes,1,132.185,0.0969795044485139,46.84,2.0,6.92344827586207,0.0,0.0,1.0,120.0,jimmy barnes
Jimmy Carr,6,78.03399999999999,0.14111576362698225,25.8,118.8,14.163,0.16666666666666666,0.3333333333333333,0.5,6.0,jimmy carr
Jimmy Carr: Laughs Funny,3,,,,,,0.0,0.0,0.0,,jimmy carr: laughs funny
Jimmy V Classic,1,81.305,0.1624968444937663,47.69,,8.645172413793102,0.0,0.0,1.0,120.0,jimmy v classic
Jinglefest,1,72.9,0.0,0.0,,0.0,0.0,0.0,0.0,2.0,jinglefest
Jo Koy,7,78.73928571428571,0.14965943721877664,35.152857142857144,548.0,15.554690476190475,0.42857142857142855,0.42857142857142855,0.42857142857142855,10.285714285714286,jo koy
Jo Koy: Just Being Koy Tour,5,79.175,0.19865468327445474,39.208000000000006,809.0,22.647399999999998,0.2,0.6,0.4,10.8,jo koy: just being koy tour
Joe Dwet File,1,59.465,0.1294651463995222,36.14000000000001,484.0,7.478620689655172,1.0,0.0,0.0,120.0,joe dwet file
John Legend,1,122.265,0.2393017693258357,143.60000000000002,260.0,20.83551724137931,1.0,1.0,1.0,120.0,john legend
John Michael Montgomery,1,38.84,0.1313690649890632,18.74,,2.715172413793103,0.0,0.0,0.0,120.0,john michael montgomery
John Mulaney,5,106.53,0.22492125827838735,101.286,147.2,19.45255172413793,0.2,0.4,0.8,120.0,john mulaney
Jon Pardi,2,85.03999999999999,0.12396868701374915,43.644999999999996,257.0,11.858448275862067,1.0,0.0,1.0,120.0,jon pardi
Jonas Brothers,3,62.044999999999995,0.33457220244475644,116.90666666666665,708.0,17.465517241379313,0.3333333333333333,1.0,0.0,120.0,jonas brothers
Jordan Klepper,1,22.43,0.446112103815853,48.63,123.0,6.855862068965516,0.0,1.0,0.0,120.0,jordan klepper
Josh Johnson,1,59.17,0.0570414876877043,15.14,227.0,0.8524137931034482,1.0,0.0,0.0,120.0,josh johnson
Junior H,1,63.845,0.256926468844174,52.99999999999999,302.0,17.759999999999998,1.0,1.0,0.0,12.0,junior h
K-Pop Demon Hunters Dance Party and Sing-A-Long Experience,1,,,,5.0,,0.0,0.0,0.0,,k-pop demon hunters dance party and sing-a-long experience
K-pop Demon Hunters,3,46.163333333333334,0.07420086629772576,9.816666666666668,40.333333333333336,4.342666666666667,0.0,0.0,0.0,12.0,k-pop demon hunters
KPop Demon Hunters Dance Party & Sing-A-Long,1,37.04,0.0483207050991406,4.969999999999999,146.0,1.1449999999999996,0.0,0.0,0.0,14.0,kpop demon hunters dance party & sing-a-long
KROQ Almost Acoustic Christmas,1,77.28,0.1145534635701646,25.57,514.0,6.2250000000000005,1.0,0.0,0.0,14.0,kroq almost acoustic christmas
Kathleen Madigan,1,,,,128.0,,0.0,0.0,0.0,,kathleen madigan
Katseye,2,642.2049999999999,0.27438593719162063,786.1400000000001,388.0,142.44051724137938,1.0,1.0,1.0,120.0,katseye
Keith Sweat,1,61.87,0.225525511793161,53.36000000000001,,21.34,0.0,1.0,0.0,52.0,keith sweat
Kendrick Lamar,2,86.545,0.25731215272694286,86.835,28.0,16.861896551724136,0.0,1.0,1.0,120.0,kendrick lamar
Kettama,5,78.598,0.11327238784805656,22.945999999999998,83.4,6.231499999999999,0.0,0.2,0.4,10.0,kettama
Kill Tony,1,58.2,0.0160688307511411,1.8299999999999983,699.0,0.9149999999999991,1.0,0.0,0.0,6.0,kill tony
Kill Tony Presents Kill Texas,1,78.86500000000001,0.242563265347195,50.47999999999999,623.0,19.75666666666666,1.0,1.0,1.0,8.0,kill tony presents kill texas
Killers of Kill Tony,4,34.69875,0.37684926879802616,50.78,949.0,9.844310344827585,0.25,0.75,0.0,120.0,killers of kill tony
King Gizzard & The Lizard Wizard,2,,,,39.5,,0.0,0.0,0.0,,king gizzard & the lizard wizard
LAFC vs Inter Miami CF,1,137.78,0.2380596806439922,104.02,500.0,41.64000000000001,1.0,1.0,1.0,14.0,lafc vs inter miami cf
LCD Soundsystem,4,116.69166666666668,0.0778203627000994,45.76,60.0,5.393218390804598,0.0,0.0,0.75,120.0,lcd soundsystem
Lady Gaga,3,167.72833333333332,0.1671498183913175,121.67,80.66666666666667,25.995747126436783,0.0,0.3333333333333333,1.0,120.0,lady gaga
Lake Street Dive,3,85.20666666666666,0.12495158667630257,27.623333333333335,332.3333333333333,10.910000000000002,0.3333333333333333,0.0,1.0,7.333333333333333,lake street dive
Lauren Daigle,4,118.155,0.284223977266038,145.82,108.0,27.764741379310347,0.25,0.75,1.0,120.0,lauren daigle
Lea Salonga,2,56.962500000000006,0.14533767435846273,35.63499999999999,210.5,7.296851851851853,0.5,0.5,0.0,112.0,lea salonga
Lewis Capaldi,3,114.29833333333333,0.1440192711499868,77.15666666666665,25.333333333333332,17.728275862068966,0.0,0.0,1.0,120.0,lewis capaldi
Lily Allen,9,,,,156.66666666666666,,0.2222222222222222,0.0,0.0,,lily allen
Limp Bizkit,2,43.4025,0.1536284094006624,18.355,85.0,5.561,0.0,0.0,0.0,12.0,limp bizkit
Lindsey Stirling,3,94.17166666666667,0.2609556116771446,113.34666666666668,,23.374712643678166,0.0,0.6666666666666666,0.6666666666666666,120.0,lindsey stirling
Little River Band,1,86.18,0.120237704975074,20.010000000000005,307.0,18.77500000000001,1.0,0.0,1.0,6.0,little river band
Lorde,2,120.94500000000001,0.19577189772819484,86.6,13.0,12.260862068965515,0.0,0.5,1.0,120.0,lorde
Los Angeles Azules,1,19.975,1.1625482715409288,223.67,104.0,27.734482758620683,0.0,1.0,0.0,120.0,los angeles azules
Los Angeles Kings at Seattle Kraken,1,52.975,0.2209165748364272,66.62,,10.956206896551723,0.0,1.0,0.0,120.0,los angeles kings at seattle kraken
Los Angeles Kings at Utah Mammoth,1,40.33,0.2072112169411562,45.56,672.0,9.192413793103448,1.0,1.0,0.0,120.0,los angeles kings at utah mammoth
Louis C.K.,4,109.93375,0.2226332077346868,111.9225,200.5,17.027155172413792,0.5,0.75,0.75,120.0,louis c.k.
Lynyrd Skynyrd,1,87.74,0.1163432811457588,28.320000000000007,,13.215000000000003,0.0,0.0,1.0,10.0,lynyrd skynyrd
Lynyrd Skynyrd & Foreigner,1,76.0,0.3614944646003103,72.14000000000001,,24.695,0.0,1.0,0.0,10.0,lynyrd skynyrd & foreigner
Lynyrd Skynyrd and Foreigner,2,56.875,0.32952241283747874,47.59,,30.949166666666667,0.0,1.0,0.0,9.0,lynyrd skynyrd and foreigner
Lynyrd Skynyrd and Loverboy,1,,,,,,0.0,0.0,0.0,,lynyrd skynyrd and loverboy
Lynyrd Skynyrd with Foreigner,1,63.16,0.2096209850149626,32.04,,12.500000000000002,0.0,1.0,0.0,10.0,lynyrd skynyrd with foreigner
Lynyrd Skynyrd with Foreigner and Six Gun Sally,1,56.83,0.2181847452159868,32.540000000000006,,11.834000000000003,0.0,1.0,0.0,12.0,lynyrd skynyrd with foreigner and six gun sally
MODI: Pause for Laughter Tour - Special Taping,1,72.225,0.2205368121541092,67.42999999999999,265.0,14.98413793103448,1.0,1.0,0.0,120.0,modi: pause for laughter tour - special taping
Mac DeMarco,3,104.745,0.2546647454284179,107.98,160.0,22.905402298850575,0.0,1.0,0.6666666666666666,120.0,mac demarco
Machine Gun Kelly,3,32.35166666666667,0.44867499088861623,58.300000000000004,596.5,9.843793103448277,0.6666666666666666,1.0,0.0,120.0,machine gun kelly
Mana,17,103.62,0.2199994531371347,59.735882352941175,597.5,24.50513725490196,0.35294117647058826,0.5882352941176471,0.7058823529411765,8.823529411764707,mana
Marco Antonio Solis,1,28.340000000000003,0.1503278963264828,12.73,3.0,4.300000000000001,0.0,0.0,0.0,40.0,marco antonio solis
Mariah Carey,3,126.67,0.1408344172622567,72.19999999999999,768.0,17.209540229885054,0.6666666666666666,0.0,1.0,120.0,mariah carey
Mario,1,29.505000000000003,0.2806463568310124,36.9,13.0,3.7303448275862072,0.0,1.0,0.0,120.0,mario
Martin Garrix,5,,,,121.8,,0.2,0.0,0.0,,martin garrix
Mary Beth Barone: GALAXY BRAIN TOUR,1,103.01,0.2528732317701599,74.44,4.0,12.406666666666666,0.0,1.0,1.0,14.0,mary beth barone: galaxy brain tour
Max Amini,1,56.3,0.2349097127706237,29.59,,11.698333333333332,0.0,1.0,0.0,14.0,max amini
Max Amini Live in Las Vegas!,2,89.33500000000001,0.14296717111070276,42.65,473.0,16.069999999999997,1.0,0.0,0.5,12.0,max amini live in las vegas!
Maybe Happy Ending,3,99.10333333333334,0.2648642475297,117.48000000000002,797.0,22.71597701149425,1.0,0.6666666666666666,1.0,120.0,maybe happy ending
Megan Moroney,31,170.7,0.20014716006399247,109.13129032258065,638.3448275862069,47.12505376344087,0.8709677419354839,0.3225806451612903,1.0,7.870967741935484,megan moroney
Memphis Tigers at Louisville Cardinals Basketball,1,24.825000000000003,0.7805107388157214,128.9,,15.628620689655172,0.0,1.0,0.0,120.0,memphis tigers at louisville cardinals basketball
Mike Epps,1,89.785,0.1487807965691031,45.03999999999999,459.0,10.502758620689654,1.0,0.0,1.0,120.0,mike epps
Minnesota Frost at Toronto Sceptres,1,41.28,0.1501955245496634,13.700000000000005,321.0,6.850000000000001,1.0,0.0,0.0,6.0,minnesota frost at toronto sceptres
Minnesota Wild at Seattle Kraken,1,50.245,0.1836305254924175,46.89,,9.257241379310344,0.0,0.0,0.0,120.0,minnesota wild at seattle kraken
Missouri State Bears at Xavier Musketeers Basketball,1,,,,133.0,,0.0,0.0,0.0,,missouri state bears at xavier musketeers basketball
Montreal Canadiens at New York Rangers,1,165.095,0.2435822679681398,181.99,,32.061034482758615,0.0,1.0,1.0,120.0,montreal canadiens at new york rangers
Montreal Canadiens at Pittsburgh Penguins,1,46.635,0.2778475270279927,58.17,,13.959310344827587,0.0,1.0,0.0,120.0,montreal canadiens at pittsburgh penguins
Montreal Victoire at PWHL Vancouver,1,33.08,0.0274998203985058,1.900000000000002,41.0,1.1400000000000023,0.0,0.0,0.0,6.0,montreal victoire at pwhl vancouver
Morgan Jay,3,127.58333333333333,0.1863252902218815,104.83333333333333,79.66666666666667,20.259999999999994,0.0,0.3333333333333333,1.0,120.0,morgan jay
Motion City Soundtrack & Say Anything,1,48.52,0.0945164029804168,12.449999999999996,87.0,1.1448275862068962,0.0,0.0,0.0,120.0,motion city soundtrack & say anything
Ms. Lauryn Hill,2,112.68,0.19404104925231408,56.30500000000001,201.5,20.789,0.5,0.5,1.0,24.0,ms. lauryn hill
Mt. Joy,11,79.77166666666666,0.13332530720219876,22.515555555555554,348.0,14.215,0.36363636363636365,0.18181818181818182,0.5454545454545454,5.777777777777778,mt. joy
Mumford & Sons,3,106.0,0.269417127330283,116.61666666666667,146.33333333333334,25.92919540229885,0.3333333333333333,0.6666666666666666,1.0,120.0,mumford & sons
NBA Cup - East Semifinal,1,79.02,0.3206872843817464,119.59,956.0,27.73586206896552,1.0,1.0,1.0,120.0,nba cup - east semifinal
NBA Cup - Quarterfinals: New York Knicks at Toronto Raptors,1,33.5,1.4888088631619465,428.14,357.0,60.503793103448274,1.0,1.0,0.0,120.0,nba cup - quarterfinals: new york knicks at toronto raptors
NBA Cup - Quarterfinals: San Antonio Spurs at Los Angeles Lakers,1,112.085,0.4502707769154706,256.54999999999995,,41.08931034482759,0.0,1.0,1.0,120.0,nba cup - quarterfinals: san antonio spurs at los angeles lakers
NBA Cup - Quarterfinals: TBD at Oklahoma City Thunder,1,18.605,0.631949004954175,61.99000000000001,,8.228965517241381,0.0,1.0,0.0,120.0,nba cup - quarterfinals: tbd at oklahoma city thunder
NBA Cup - Quarterfinals: TBD at Orlando Magic,1,29.14,0.1694855284462851,20.11,,4.054482758620689,0.0,0.0,0.0,120.0,nba cup - quarterfinals: tbd at orlando magic
NBA Cup - West Semifinal,1,83.17,0.2873644665915804,104.93,796.0,27.02068965517241,1.0,1.0,1.0,120.0,nba cup - west semifinal
NGHTMRE,1,46.12,0.0361095671369443,5.199999999999996,93.0,2.643333333333333,0.0,0.0,0.0,42.0,nghtmre
Nashville Predators at Colorado Avalanche,1,73.125,0.3957636467394337,128.69,,19.61206896551724,0.0,1.0,0.0,120.0,nashville predators at colorado avalanche
Natalia Jimenez,1,82.66,0.122436718205916,32.900000000000006,741.0,8.475517241379313,1.0,0.0,1.0,120.0,natalia jimenez
Nate Bargatze,9,81.38777777777779,0.2406698991162647,55.99444444444444,215.0,24.497988505747127,0.1111111111111111,0.6666666666666666,0.4444444444444444,56.888888888888886,nate bargatze
Nate Bargatze: Big Dumb Eyes World Tour,2,127.26,0.16435198421331676,45.985,542.5,37.415,1.0,0.5,1.0,6.0,nate bargatze: big dumb eyes world tour
National Finals Rodeo,6,83.90083333333332,0.2848648086101207,116.64,640.25,21.8633908045977,0.6666666666666666,1.0,0.5,120.0,national finals rodeo
Nebraska Omaha Mavericks at North Dakota Fighting Hawks Hockey,1,38.08,0.2117184055639372,28.17,362.0,4.879655172413793,1.0,1.0,0.0,120.0,nebraska omaha mavericks at north dakota fighting hawks hockey
New England Revolution at Inter Miami CF,1,53.26,0.0662401580643349,9.009999999999998,165.0,2.327499999999999,0.0,0.0,0.0,10.0,new england revolution at inter miami cf
New Jersey Devils at Ottawa Senators,1,10.17,0.3372058145873939,13.6,,2.088620689655172,0.0,1.0,0.0,120.0,new jersey devils at ottawa senators
New York City Ballet - The Nutcracker,2,188.1875,0.17619832986271422,97.90000000000002,263.0,37.830833333333345,1.0,0.0,1.0,13.0,new york city ballet - the nutcracker
New York Rangers at Chicago Blackhawks,1,38.03,0.5283988323772602,106.38,,22.63586206896552,0.0,1.0,0.0,120.0,new york rangers at chicago blackhawks
New York Red Bulls at Inter Miami CF,1,69.28,0.0926553118934703,15.709999999999994,203.0,10.616,1.0,0.0,0.0,12.0,new york red bulls at inter miami cf
Nimesh Patel: With All Due Disrespect,4,71.675,0.17462419926611056,34.745000000000005,251.5,21.1875,0.5,0.5,0.25,4.0,nimesh patel: with all due disrespect
Nimesh Patel: With All Due Disrespect Tour,1,79.81,0.1394645634285951,24.41,265.0,13.369999999999996,1.0,0.0,1.0,6.0,nimesh patel: with all due disrespect tour
Nimesh Patel: With All Due Disresprect,1,58.115,0.1880623005378924,18.93,296.0,18.93,1.0,0.0,0.0,4.0,nimesh patel: with all due disresprect
Nitro Circus,1,39.91,0.1821205140791262,28.03,754.0,2.046551724137931,1.0,0.0,0.0,120.0,nitro circus
Nitro Circus - Off The Rails,1,38.8,0.0840040319838132,11.279999999999998,,1.764827586206896,0.0,0.0,0.0,120.0,nitro circus - off the rails
North Carolina Central Eagles at Kentucky Wildcats Basketball,1,16.775,0.3059808624299948,22.13,,5.403793103448275,0.0,1.0,0.0,120.0,north carolina central eagles at kentucky wildcats basketball
Nurse Blake,1,61.48,0.104976285133215,37.04,174.0,4.222413793103449,0.0,0.0,0.0,120.0,nurse blake
Nurse Blake: But Did You Die? Comedy Tour,1,41.0,0.1834940213835754,32.480000000000004,222.0,7.692068965517243,1.0,0.0,0.0,120.0,nurse blake: but did you die? comedy tour
October London,1,106.96,0.1005380331399039,30.86999999999999,488.0,16.27333333333333,1.0,0.0,1.0,14.0,october london
Ole 60,1,79.87,0.2995047928374124,102.29,45.0,12.431379310344823,0.0,1.0,1.0,120.0,ole 60
Olly Murs,1,13.855,0.8876922979006203,38.97,28.0,5.567142857142857,0.0,1.0,0.0,32.0,olly murs
Orlando City SC at Inter Miami CF,1,76.94,0.2100174254771393,43.36999999999999,197.0,23.907499999999995,0.0,1.0,0.0,10.0,orlando city sc at inter miami cf
Orlando Solar Bears at Florida Everblades,1,18.565,0.3698325922072969,31.39,120.0,5.174137931034483,0.0,1.0,0.0,120.0,orlando solar bears at florida everblades
OsamaSon,2,68.2075,0.1879366525349858,51.485,98.0,8.138275862068966,0.0,0.5,0.5,120.0,osamason
Ottawa Senators at Columbus Blue Jackets,1,12.81,0.6360274054239936,44.59,,11.696551724137931,0.0,1.0,0.0,120.0,ottawa senators at columbus blue jackets
Ottawa Senators at Minnesota Wild,1,65.29,0.3649045300594241,116.17,,24.14620689655172,0.0,1.0,0.0,120.0,ottawa senators at minnesota wild
PBR: Unleash The Beast - Saturday Only,1,61.790000000000006,0.3430141776418753,76.78999999999999,486.0,20.09275862068965,1.0,1.0,0.0,120.0,pbr: unleash the beast - saturday only
PWHL Special Event: Montreal Victoire at Boston Fleet,1,47.2,0.2715984095125886,28.93,311.0,12.653333333333334,1.0,1.0,0.0,8.0,pwhl special event: montreal victoire at boston fleet
PWHL Takeover - Seattle Torrent at Toronto Sceptres,1,25.355,0.0820221722883007,4.459999999999997,612.0,3.749999999999999,1.0,0.0,0.0,8.0,pwhl takeover - seattle torrent at toronto sceptres
PWHL Takeover Tour:  Montreal Victoire vs Toronto Sceptres,1,46.05,0.1531853991131589,13.939999999999998,283.0,6.969999999999999,1.0,0.0,0.0,6.0,pwhl takeover tour:  montreal victoire vs toronto sceptres
PWHL Takeover Tour: Montreal Victoire At New York Sirens,1,43.11,0.1768035025094799,19.96,471.0,12.036666666666669,1.0,0.0,0.0,8.0,pwhl takeover tour: montreal victoire at new york sirens
PWHL Takeover Tour: Montreal Victoire at Ottawa Charge,1,35.92,0.1332830554382591,10.65,792.0,5.324999999999999,1.0,0.0,0.0,6.0,pwhl takeover tour: montreal victoire at ottawa charge
Pacific Northwest Ballet - The Nutcracker,1,52.715,0.1189223016801122,26.379999999999995,154.0,4.681379310344826,0.0,0.0,0.0,120.0,pacific northwest ballet - the nutcracker
Papa Roach,1,41.37,0.3087219260673671,53.34,433.0,15.709655172413791,1.0,1.0,0.0,120.0,papa roach
Patty Griffin & Rickie Lee Jones,1,68.48,0.1595724723855813,24.709999999999997,395.0,22.39999999999999,1.0,0.0,0.0,6.0,patty griffin & rickie lee jones
Pentatonix,2,63.965,0.24327270731544776,84.14,,15.116379310344831,0.0,0.5,0.0,120.0,pentatonix
Pepe Aguilar,1,99.84,0.1992804020574207,68.17,124.0,25.812500000000004,0.0,1.0,1.0,36.0,pepe aguilar
Phil Wickham,1,74.57,0.1641292248967077,33.55,167.0,19.934,0.0,0.0,0.0,12.0,phil wickham
Philadelphia Ballet - The Nutcracker,17,41.12852941176471,0.1677869409296241,19.922941176470587,177.52941176470588,9.156970588235295,0.23529411764705882,0.35294117647058826,0.0,16.11764705882353,philadelphia ballet - the nutcracker
Philadelphia Eagles at Los Angeles Chargers,1,165.01999999999998,0.2251487676939912,147.14,,26.928620689655176,0.0,1.0,1.0,120.0,philadelphia eagles at los angeles chargers
Phoenix Ballet A Holiday Spectacular Featuring The Nutcracker,1,44.245000000000005,0.1974432653949936,52.57000000000001,,5.6193103448275865,0.0,0.0,0.0,120.0,phoenix ballet a holiday spectacular featuring the nutcracker
Phoenix Suns at Minnesota Timberwolves,1,26.705,0.3447667227484484,43.11,774.0,8.675172413793105,1.0,1.0,0.0,120.0,phoenix suns at minnesota timberwolves
Pitbull,1,62.16,0.1257342972119284,33.470000000000006,115.0,10.463448275862069,0.0,0.0,0.0,120.0,pitbull
Portugal. The Man,3,57.615,0.25833778460346385,55.86666666666667,60.666666666666664,6.36022988505747,0.0,1.0,0.0,120.0,portugal. the man
President,1,46.835,0.0393507348390951,6.550000000000004,50.0,1.9890909090909088,0.0,0.0,0.0,48.0,president
Providence Bruins at Hershey Bears,2,10.575000000000001,0.65328473333751,42.9,,6.805000000000001,0.0,1.0,0.0,120.0,providence bruins at hershey bears
RB Leipzig vs Bayer 04 Leverkusen,1,31.545,0.2502386321383499,19.43,81.0,10.022,0.0,1.0,0.0,12.0,rb leipzig vs bayer 04 leverkusen
RB Leipzig vs FC Bayern Munchen,1,232.3,0.3381717014319443,274.32,76.0,108.84333333333332,0.0,1.0,1.0,14.0,rb leipzig vs fc bayern munchen
Raekwon and Mobb Deep,2,50.989999999999995,0.12953189491478811,26.545,62.0,6.049312500000001,0.0,0.0,0.0,76.0,raekwon and mobb deep
Ray Lamontagne,1,85.255,0.0308697759904795,6.429999999999993,514.0,2.5033333333333303,1.0,0.0,1.0,8.0,ray lamontagne
Real Madrid CF vs Manchester City - European Cup,1,378.755,0.2111746300370953,322.56,,62.820689655172416,0.0,1.0,1.0,120.0,real madrid cf vs manchester city - european cup
Reik,9,126.97722222222221,0.3357486600223051,125.94888888888889,325.7142857142857,45.7292962962963,0.5555555555555556,0.7777777777777778,1.0,10.666666666666666,reik
Riley Green,2,102.16499999999999,0.23667323872139764,88.10000000000001,300.0,20.884137931034488,1.0,0.5,1.0,120.0,riley green
Riverdance,1,83.33,0.3072198349656145,116.62,4.0,11.90655172413793,0.0,1.0,1.0,120.0,riverdance
"RnB Xmas Ball With Boyz II Men , Toni Braxton, Joe and Dru Hill",1,119.025,0.1767636877160082,92.77,64.0,17.54448275862069,0.0,0.0,1.0,120.0,"rnb xmas ball with boyz ii men , toni braxton, joe and dru hill"
Rod Stewart,1,103.505,0.1103712057272869,48.31,342.0,10.827241379310347,1.0,0.0,1.0,120.0,rod stewart
Rod Wave,1,161.20499999999998,0.1575171577371732,136.18,,28.33620689655173,0.0,0.0,1.0,120.0,rod wave
Rosalia,8,139.47666666666666,0.023785165448544667,6.293333333333332,754.875,3.146666666666666,1.0,0.0,0.375,5.333333333333333,rosalia
Russell Dickerson,1,83.13499999999999,0.167315354853832,32.239999999999995,272.0,21.209999999999997,1.0,0.0,1.0,8.0,russell dickerson
SIX The Musical,3,93.94333333333334,0.2388836136816657,98.88333333333333,779.3333333333334,15.040459770114943,1.0,0.6666666666666666,1.0,120.0,six the musical
Sacramento Ballet Presents Nutcracker 2025,1,64.66,0.2096198508284855,55.84,430.0,10.984137931034484,1.0,1.0,0.0,120.0,sacramento ballet presents nutcracker 2025
Sacramento Kings at Indiana Pacers,1,9.0,0.9874305480766518,58.81999999999999,,8.271724137931033,0.0,1.0,0.0,120.0,sacramento kings at indiana pacers
Sam Smith,2,117.44999999999999,0.1784004709647407,85.36,68.5,6.753793103448276,0.0,0.0,1.0,120.0,sam smith
San Antonio Spurs at New Orleans Pelicans,1,14.35,0.2548405986166205,15.27,876.0,2.7937931034482757,1.0,1.0,0.0,120.0,san antonio spurs at new orleans pelicans
San Jose Sharks at Philadelphia Flyers,1,31.04,0.3677902994855118,59.63000000000001,,10.67034482758621,0.0,1.0,0.0,120.0,san jose sharks at philadelphia flyers
San Jose Sharks at Pittsburgh Penguins,1,70.705,0.1799430820056683,74.87,,14.439655172413794,0.0,0.0,0.0,120.0,san jose sharks at pittsburgh penguins
San Jose Sharks at Toronto Maple Leafs,1,69.525,0.2972388155884036,96.5,984.0,19.29068965517241,1.0,1.0,0.0,120.0,san jose sharks at toronto maple leafs
Sarah Brightman,1,75.405,0.0825678376008316,24.099999999999994,217.0,6.1062068965517255,1.0,0.0,0.0,120.0,sarah brightman
Seattle Kraken at Utah Mammoth,1,58.2,0.317297007095848,87.84,,20.8548275862069,0.0,1.0,0.0,120.0,seattle kraken at utah mammoth
Senses Fail & Story Of The Year,1,52.650000000000006,0.1381565548315002,23.57,32.0,7.942,0.0,0.0,0.0,36.0,senses fail & story of the year
Senses Fail & Story of the Year: The Scream Team Tour,1,54.77,0.0860836141026298,14.04,65.0,2.808000000000001,0.0,0.0,0.0,36.0,senses fail & story of the year: the scream team tour
Seven Lions,2,73.965,0.0,0.0,78.5,0.0,0.0,0.0,0.5,2.0,seven lions
Sevendust,1,59.085,0.0754761814433827,11.920000000000009,190.0,6.766000000000001,0.0,0.0,0.0,36.0,sevendust
Shakey Graves,1,46.315,0.0751781999730494,19.419999999999995,49.0,2.335172413793104,0.0,0.0,0.0,120.0,shakey graves
Shakira,3,95.18333333333334,0.3144269443114119,115.56,44.0,24.68770114942529,0.0,1.0,1.0,120.0,shakira
Shane Gillis,1,49.955,0.4375258510141723,124.28,497.0,23.140344827586205,1.0,1.0,0.0,120.0,shane gillis
Shane Gillis Live,1,63.16,0.3952205652376413,110.02,348.0,22.99137931034484,1.0,1.0,0.0,120.0,shane gillis live
Sienna Spiro,9,99.25611111111111,0.19324767888849706,46.763333333333335,21.22222222222222,19.07777777777778,0.0,0.3333333333333333,0.8888888888888888,7.333333333333333,sienna spiro
Sienna Spiro - The Visitor Tour,1,86.13999999999999,0.0024128871245445,0.3599999999999994,17.0,0.3599999999999994,0.0,0.0,1.0,4.0,sienna spiro - the visitor tour
Silverstein,1,45.605,0.0375851232007221,4.599999999999994,76.0,0.4251724137931031,0.0,0.0,0.0,120.0,silverstein
Smokey Robinson,1,97.98,0.0,0.0,301.0,0.0,1.0,0.0,1.0,2.0,smokey robinson
Sombr,1,118.59,0.3858865231516807,163.67,2.0,11.521724137931034,0.0,1.0,1.0,120.0,sombr
South Carolina Upstate Spartans at North Carolina Tar Heels Basketball,1,41.6,0.2175705049478465,46.89999999999999,462.0,9.634482758620688,1.0,1.0,0.0,120.0,south carolina upstate spartans at north carolina tar heels basketball
"Spilt Milk Canberra with Kendrick Lamar, Doechii, Sara Landry and many more",1,136.505,0.1366331958124579,75.12,28.0,12.91862068965518,0.0,0.0,1.0,120.0,"spilt milk canberra with kendrick lamar, doechii, sara landry and many more"
St. Johns Red Storm at Xavier Musketeers Basketball,1,,,,158.0,,0.0,0.0,0.0,,st. johns red storm at xavier musketeers basketball
St. Louis Blues at Nashville Predators,1,19.93,0.4683601776356978,41.5,,10.043793103448277,0.0,1.0,0.0,120.0,st. louis blues at nashville predators
Stavros Halkias,3,79.485,0.2509642314442702,79.38333333333333,123.33333333333333,17.03057471264368,0.0,1.0,0.6666666666666666,120.0,stavros halkias
Stephen Wilson Jr.,1,62.19499999999999,0.0900843355900085,18.86999999999999,80.0,3.7996551724137935,0.0,0.0,0.0,120.0,stephen wilson jr.
Stereophonics,1,120.8,0.1421942174299698,71.35,46.0,10.678275862068968,0.0,0.0,1.0,120.0,stereophonics
Stevie Nicks,1,303.75,0.1343683427846366,191.58,787.0,36.21034482758621,1.0,0.0,1.0,120.0,stevie nicks
Straight No Chaser,2,57.735,0.26674402628705385,81.445,316.5,10.664655172413791,0.5,1.0,0.0,120.0,straight no chaser
Sublime,3,179.69833333333335,0.1690220851247827,110.87999999999998,106.0,29.975927750410506,0.0,0.3333333333333333,1.0,50.666666666666664,sublime
Sublime with Joyce Manor and Out In Front,1,83.485,0.1776338803020626,63.84,83.0,17.865600000000004,0.0,0.0,1.0,104.0,sublime with joyce manor and out in front
Swedish House Mafia,1,86.05,0.0300019470072403,7.210000000000008,177.0,1.802500000000002,0.0,0.0,1.0,10.0,swedish house mafia
Syracuse Crunch at Utica Comets,1,18.14,0.1404616245336063,11.330000000000002,52.0,2.1846428571428578,0.0,0.0,0.0,116.0,syracuse crunch at utica comets
TBD at Atlanta Hawks,1,22.165,0.2343641680795161,34.02,473.0,4.314827586206896,1.0,1.0,0.0,120.0,tbd at atlanta hawks
TBD at Boston Celtics,1,56.05,0.2738767727877504,73.87,889.0,17.787586206896552,1.0,1.0,0.0,120.0,tbd at boston celtics
TBD at Charlotte Hornets,1,10.77,0.1986887452188047,9.29,,1.4158620689655173,0.0,0.0,0.0,120.0,tbd at charlotte hornets
TBD at Chicago Bulls,1,33.41,0.4559923247707343,69.64,597.0,17.589655172413792,1.0,1.0,0.0,120.0,tbd at chicago bulls
TBD at Cleveland Cavaliers,1,27.84,0.3640099155438353,39.7,,3.2672413793103443,0.0,1.0,0.0,120.0,tbd at cleveland cavaliers
TBD at Denver Nuggets,1,29.115,0.2877909579768021,36.18,,6.465172413793104,0.0,1.0,0.0,120.0,tbd at denver nuggets
TBD at Detroit Pistons,1,62.91,1.423772566949481,781.3900000000001,,71.92758620689655,0.0,1.0,0.0,120.0,tbd at detroit pistons
TBD at Golden State Warriors,1,72.37,0.2562669180751364,85.14000000000001,,17.213448275862067,0.0,1.0,0.0,120.0,tbd at golden state warriors
TBD at Houston Rockets,1,15.765,0.3111521186816608,26.27,991.0,3.45,1.0,1.0,0.0,120.0,tbd at houston rockets
TBD at Indiana Pacers,1,14.41,0.9195778237160596,90.98,787.0,9.01413793103448,1.0,1.0,0.0,120.0,tbd at indiana pacers
TBD at LA Clippers,1,24.25,0.8626092737771021,142.98999999999998,913.0,28.174482758620684,1.0,1.0,0.0,120.0,tbd at la clippers
TBD at Los Angeles Lakers,1,82.45,0.272036208716543,116.82,339.0,22.189310344827582,1.0,1.0,1.0,120.0,tbd at los angeles lakers
TBD at Memphis Grizzlies,1,9.6,0.3026255881323852,10.34,,1.9741379310344824,0.0,1.0,0.0,120.0,tbd at memphis grizzlies
TBD at Miami Heat,1,42.775000000000006,0.2536764821241743,43.14999999999999,263.0,10.10689655172414,1.0,1.0,0.0,120.0,tbd at miami heat
TBD at Minnesota Timberwolves,1,134.25,0.3966238850091462,143.2,231.0,11.073793103448276,1.0,1.0,1.0,120.0,tbd at minnesota timberwolves
TBD at New Orleans Pelicans,1,14.25,0.2221420055189884,15.48,,2.51551724137931,0.0,1.0,0.0,120.0,tbd at new orleans pelicans
TBD at New York Knicks,1,133.755,0.1591465363599647,94.76,,21.079310344827583,0.0,0.0,1.0,120.0,tbd at new york knicks
TBD at Philadelphia 76ers,1,21.6,0.6991686132080628,95.01,,10.121034482758615,0.0,1.0,0.0,120.0,tbd at philadelphia 76ers
TBD at Portland Trail Blazers,1,13.02,0.4487425112434835,29.21,,3.189310344827585,0.0,1.0,0.0,120.0,tbd at portland trail blazers
TBD at Sacramento Kings,1,29.13,0.4117368765290378,70.3,755.0,9.414482758620691,1.0,1.0,0.0,120.0,tbd at sacramento kings
TBD at USMNT,1,91.99,0.1530674530462906,36.91000000000001,,12.303333333333336,0.0,0.0,1.0,8.0,tbd at usmnt
TBD at Utah Jazz,1,10.075,0.3665397084515155,22.74,907.0,2.581724137931034,1.0,1.0,0.0,120.0,tbd at utah jazz
TBD at Washington Wizards,1,16.465,0.4237330792946798,43.47,809.0,4.204137931034483,1.0,1.0,0.0,120.0,tbd at washington wizards
"Tahoe Live with Zeds Dead, Porter Robinson, LSZEE and many more - 3 Day Pass",1,219.6,0.1158137161446567,96.29999999999998,37.0,11.782758620689652,0.0,0.0,1.0,120.0,"tahoe live with zeds dead, porter robinson, lszee and many more - 3 day pass"
Taking Back Sunday,4,51.52375,0.045426703246462974,13.100000000000001,53.75,1.3557931034482755,0.0,0.0,0.0,93.0,taking back sunday
Tampa Bay Lightning at Montreal Canadiens,1,70.95,0.2447191892216203,73.03,919.0,14.181379310344829,1.0,1.0,0.0,120.0,tampa bay lightning at montreal canadiens
Tampa Bay Lightning at New Jersey Devils,1,23.99,0.6474446229019711,102.58,,13.948965517241378,0.0,1.0,0.0,120.0,tampa bay lightning at new jersey devils
Tampa Bay Lightning at New York Islanders,1,56.0,0.3443814005823542,89.50999999999999,,14.681724137931038,0.0,1.0,0.0,120.0,tampa bay lightning at new york islanders
Tampa Bay Lightning at Toronto Maple Leafs,1,71.03,0.2228712978367873,69.21,915.0,15.982758620689657,1.0,1.0,0.0,120.0,tampa bay lightning at toronto maple leafs
Tape B,3,52.60833333333333,0.0813938830409679,16.27,54.666666666666664,1.4674712643678156,0.0,0.0,0.0,120.0,tape b
Tech N9ne,1,65.67500000000001,0.0617659035991886,11.590000000000003,178.0,6.792000000000002,0.0,0.0,0.0,12.0,tech n9ne
Teddy Swims,1,68.485,1.4393445492635084,695.04,248.0,40.7021052631579,1.0,1.0,0.0,80.0,teddy swims
The Academy Is,1,59.425,0.0256741359382136,3.3500000000000014,22.0,1.1166666666666671,0.0,0.0,0.0,8.0,the academy is
The All-American Rejects w/ special guest Joyce Manor - 949 presents,1,105.86,0.1246988861127707,69.61000000000001,51.0,10.75896551724138,0.0,0.0,1.0,120.0,the all-american rejects w/ special guest joyce manor - 949 presents
The Amity Affliction & August Burns Red,1,99.6,0.3705227500065917,82.52000000000001,29.0,61.89,0.0,1.0,1.0,6.0,the amity affliction & august burns red
The Amity Affliction & August Burns Red: The Springs Horizons Tour,1,64.23,0.2990860797587483,41.11,452.0,16.346666666666668,1.0,1.0,0.0,8.0,the amity affliction & august burns red: the springs horizons tour
The Beths,1,45.15,0.1523491640682081,20.65000000000001,43.0,3.97857142857143,0.0,0.0,0.0,32.0,the beths
The Cure,4,186.01,0.0,0.0,79.5,0.0,0.0,0.0,0.5,2.0,the cure
The Elovaters with Kash'd Out and Coyote Island,1,55.635000000000005,0.3191353620445589,74.0,36.0,6.0024137931034485,0.0,1.0,0.0,120.0,the elovaters with kash'd out and coyote island
The Game Awards,1,208.035,0.5374707830039805,403.39,120.0,50.95034482758621,0.0,1.0,1.0,120.0,the game awards
The Garden Cup,1,21.66,0.2533490739396157,25.7,786.0,4.783448275862069,1.0,1.0,0.0,120.0,the garden cup
The Isley Brothers,1,48.015,0.2236139885119798,42.99999999999999,885.0,6.888965517241378,1.0,1.0,0.0,120.0,the isley brothers
The Knocks,1,40.125,0.1651428925627202,24.5,17.0,2.4565517241379315,0.0,0.0,0.0,120.0,the knocks
The Lumineers,1,88.77,0.1412373980107164,32.92,,12.03,0.0,0.0,1.0,10.0,the lumineers
The Mountain Goats,2,77.39250000000001,0.4454478058173539,95.44000000000001,56.0,6.798275862068964,0.0,1.0,0.5,120.0,the mountain goats
The Nutcracker,3,83.75666666666666,0.15931072286267134,41.656666666666666,78.66666666666667,14.04,0.0,0.0,0.6666666666666666,48.666666666666664,the nutcracker
The Nutcracker - American Ballet Theatre,4,69.92750000000001,0.17089482570690143,35.285,324.25,15.679499999999997,1.0,0.25,0.25,24.0,the nutcracker - american ballet theatre
The Offspring,1,88.3,0.0559402224040044,10.64,20.0,6.299999999999997,0.0,0.0,1.0,6.0,the offspring
The Red Clay Strays,1,63.41,0.0769958557283616,13.420000000000002,,8.419999999999998,0.0,0.0,0.0,10.0,the red clay strays
The Rock Orchestra,1,68.03999999999999,0.1359827293173612,41.1,,10.39,0.0,0.0,0.0,120.0,the rock orchestra
The Rock Orchestra By Candelight,1,79.075,0.2606748614761646,89.99999999999999,698.0,19.17206896551724,1.0,1.0,1.0,120.0,the rock orchestra by candelight
The Washington Ballet's Nutcracker,1,131.24,0.3906462843679377,131.16000000000005,895.0,63.012,1.0,1.0,1.0,12.0,the washington ballet's nutcracker
Third Eye Blind and  Yellowcard,1,77.875,0.1389637697819092,34.7,75.0,4.882068965517241,0.0,0.0,1.0,120.0,third eye blind and  yellowcard
This World of Tomorrow,1,221.0,0.1306280530126005,87.48999999999998,68.0,11.14655172413793,0.0,0.0,1.0,120.0,this world of tomorrow
Three Days Grace,2,89.4275,0.13122752272325441,49.724999999999994,26.5,6.746379310344826,0.0,0.0,0.5,120.0,three days grace
Tim McGraw,1,93.61,0.2289470893074409,73.92,,21.877241379310348,0.0,1.0,1.0,120.0,tim mcgraw
Tito Nieves,1,72.13499999999999,0.240603757768699,61.78999999999999,40.0,18.467777777777776,0.0,1.0,0.0,40.0,tito nieves
Tool,1,135.82,0.0930707769991081,44.85,58.0,12.253448275862068,0.0,0.0,1.0,120.0,tool
Toronto Marlies at Laval Rocket,2,20.415,0.31905142153865607,30.6,232.5,6.125862068965517,1.0,1.0,0.0,120.0,toronto marlies at laval rocket
Toronto Sceptres at Montreal Victoire,1,33.22,0.231378257013316,15.959999999999996,479.0,10.624999999999998,1.0,1.0,0.0,6.0,toronto sceptres at montreal victoire
Tracy Lawrence,1,54.55,0.1232191197845792,22.49,485.0,6.262068965517241,1.0,0.0,0.0,120.0,tracy lawrence
Trans-Siberian Orchestra,11,66.62954545454545,0.24832071358873326,66.78727272727272,550.0,15.680971786833853,0.09090909090909091,0.7272727272727273,0.09090909090909091,120.0,trans-siberian orchestra
Treaty Oak Revival,22,133.99200000000002,3.6110441609579167e-17,0.0,235.54545454545453,0.0,0.6363636363636364,0.0,0.18181818181818182,2.8,treaty oak revival
Treaty Oak Revival with Jessie Murph,1,,,,75.0,,0.0,0.0,0.0,,treaty oak revival with jessie murph
Trevor Noah,6,122.51166666666667,0.22907380880062403,65.27999999999999,241.5,43.839166666666664,0.6666666666666666,0.6666666666666666,1.0,8.0,trevor noah
Trisha Paytas: TRISHMAS LIVE!,2,55.099999999999994,0.14635298413676961,31.750000000000004,329.0,7.047586206896552,0.5,0.5,0.0,120.0,trisha paytas: trishmas live!
Turnpike Troubadours,4,104.7775,0.20767531331762398,102.38,158.75,10.003304597701149,0.25,0.5,0.5,92.0,turnpike troubadours
Two Friends,1,75.59,0.0502650656212995,8.060000000000002,32.0,4.615000000000002,0.0,0.0,0.0,6.0,two friends
Two Friends Present: Big Bootie Land Chicago,1,91.72,0.0975516601075551,24.950000000000003,503.0,9.91,1.0,0.0,1.0,10.0,two friends present: big bootie land chicago
Tycho,1,71.675,0.0967605515458337,21.080000000000005,180.0,11.046,0.0,0.0,0.0,12.0,tycho
Tyler Childers,12,124.38833333333334,0.13605592878114947,39.95499999999999,389.09090909090907,21.149027777777775,0.9166666666666666,0.16666666666666666,1.0,7.166666666666667,tyler childers
UConn Huskies at Xavier Musketeers Basketball,1,,,,197.0,,0.0,0.0,0.0,,uconn huskies at xavier musketeers basketball
UMass Lowell River Hawks at Maine Black Bears Men's Hockey,1,37.25,0.4501466491906121,62.08,248.0,10.822413793103449,1.0,1.0,0.0,120.0,umass lowell river hawks at maine black bears men's hockey
United States vs Belgium - Friendly,1,68.575,0.2195813151939975,39.16,,17.623333333333335,0.0,1.0,0.0,8.0,united states vs belgium - friendly
United States vs Germany - Friendly,1,68.645,0.1722610854693487,25.17,,22.94333333333334,0.0,0.0,0.0,8.0,united states vs germany - friendly
United States vs Portugal - Friendly,1,127.04,0.214752706636356,72.44000000000001,,24.146666666666672,0.0,1.0,1.0,8.0,united states vs portugal - friendly
Van Morrison,1,318.49,0.0943504504635789,59.94,92.0,29.97,0.0,0.0,1.0,6.0,van morrison
Vegas Golden Knights at Columbus Blue Jackets,1,33.405,0.3753323796440174,71.46000000000001,,9.993793103448278,0.0,1.0,0.0,120.0,vegas golden knights at columbus blue jackets
Vegas Golden Knights at New York Islanders,1,20.41,0.2365658270744073,18.25,,4.5872413793103455,0.0,1.0,0.0,120.0,vegas golden knights at new york islanders
Vegas Golden Knights at Philadelphia Flyers,1,29.02,0.2503256889183808,32.06,,5.002413793103449,0.0,1.0,0.0,120.0,vegas golden knights at philadelphia flyers
Vir Das: Hey Stranger,6,63.6225,0.036688847291750086,5.1983333333333315,570.5,5.1983333333333315,1.0,0.16666666666666666,0.3333333333333333,2.6666666666666665,vir das: hey stranger
WWE Friday Night SmackDown,1,94.585,0.2196115056563143,70.52999999999999,,17.910869565217393,0.0,1.0,1.0,96.0,wwe friday night smackdown
WWE Monday Night RAW,1,72.68,0.2335644874579691,99.01,772.0,16.753103448275866,1.0,1.0,0.0,120.0,wwe monday night raw
Washington Capitals at Winnipeg Jets,1,74.08,0.2708827044215864,87.16000000000001,,14.51448275862069,0.0,1.0,0.0,120.0,washington capitals at winnipeg jets
Whiskey Myers,3,69.16000000000001,0.33064411866264315,84.37,558.0,25.530416666666667,1.0,1.0,0.3333333333333333,68.0,whiskey myers
Whitechapel,1,35.17,0.0263271598333863,2.5700000000000003,78.0,1.4266666666666648,0.0,0.0,0.0,42.0,whitechapel
Widespread Panic,4,183.9475,0.15135880900360707,45.48000000000001,261.25,45.48000000000001,0.75,0.25,1.0,4.0,widespread panic
Widespread Panic - 3 Day Pass,1,809.1,0.0,0.0,12.0,0.0,0.0,0.0,1.0,2.0,widespread panic - 3 day pass
Wolf Alice,1,43.345,0.3454728829360964,70.53,21.0,11.178965517241378,0.0,1.0,0.0,120.0,wolf alice
World Ballet Company: Nutcracker,1,69.3,0.0258370973501967,6.079999999999998,511.0,0.8758620689655179,1.0,0.0,0.0,120.0,world ballet company: nutcracker
World Darts Championship - Friday Afternoon Session,1,113.06,0.1615546243314135,70.1,63.0,15.76076923076923,0.0,0.0,1.0,56.0,world darts championship - friday afternoon session
World Darts Championship - Friday Evening Session,1,100.345,0.3826672884204807,178.14999999999998,70.0,31.28538461538461,0.0,1.0,1.0,56.0,world darts championship - friday evening session
World Darts Championship - Thursday,1,99.865,0.1769945881150558,72.77000000000001,71.0,17.612307692307695,0.0,0.0,1.0,56.0,world darts championship - thursday
Xavi,2,27.9625,0.3507795322759603,39.55,658.5,5.884310344827586,1.0,1.0,0.0,120.0,xavi
Xavier Musketeers at Georgetown Hoyas Basketball,1,,,,404.0,,1.0,0.0,0.0,,xavier musketeers at georgetown hoyas basketball
Xavier Musketeers at Villanova Wildcats Basketball,1,,,,92.0,,0.0,0.0,0.0,,xavier musketeers at villanova wildcats basketball
"Z100's Jingle Ball with Ed Sheeran, Zara Larsson, Conan Gray and many more",1,80.695,0.6374678738362275,334.94,,61.27206896551724,0.0,1.0,1.0,120.0,"z100's jingle ball with ed sheeran, zara larsson, conan gray and many more"
Zac Brown Band,2,172.65500000000003,0.25464547749780714,212.4,,50.86913793103447,0.0,1.0,1.0,120.0,zac brown band
Zach Bryan,2,95.06,0.19411297952326395,47.4,290.5,23.904999999999998,1.0,0.5,1.0,6.0,zach bryan
Zach Bryan - With Heaven On Tour,3,88.44333333333333,0.20509198650920582,43.526666666666664,997.0,27.411666666666672,0.3333333333333333,0.3333333333333333,1.0,6.0,zach bryan - with heaven on tour
Zach Top,1,68.07,0.1278686797149528,30.74,694.0,5.128275862068967,1.0,0.0,0.0,120.0,zach top
Zakk Sabbath,2,57.3625,0.17101574372767353,38.61,66.5,8.162891666666667,0.0,0.5,0.0,102.0,zakk sabbath
Zeds Dead,2,77.5825,0.1790053757858719,61.519999999999996,135.5,11.133620689655174,0.0,0.5,0.5,120.0,zeds dead
for KING & COUNTRY,5,114.22999999999999,0.23307587995454743,115.02000000000001,284.0,19.46248275862069,0.2,0.8,0.8,120.0,for king & country
