year,rank,market,gross,tickets,avg_price,avg_price_change,shows,dma_rank,revenue_per_show,tickets_per_show
2022,47,Albany-Schenectady-Troy,6758751,121687,55.54,0.0,36,60,187743.08333333334,3380.1944444444443
2023,49,Albany-Schenectady-Troy,23249640,379386,61.28,0.1,181,59,128451.0497237569,2096.0552486187844
2024,53,Albany-Schenectady-Troy,30441052,459187,66.29,0.08,137,59,222197.4598540146,3351.7299270072995
2025,48,Albany-Schenectady-Troy,43907952,671923,65.35,-0.014,162,62,271036.74074074073,4147.672839506173
2022,62,Albuquerque,4872886,103599,47.04,0.0,26,48,187418.6923076923,3984.576923076923
2023,85,Albuquerque,8261222,156324,52.85,0.12,114,48,72466.85964912281,1371.2631578947369
2024,75,Albuquerque,14446750,259726,55.62,0.05,158,49,91435.12658227848,1643.8354430379748
2025,73,Albuquerque-Santa Fe,14762446,247184,59.72,0.074,144,48,102516.98611111111,1716.5555555555557
2022,6,Atlanta,76176409,755776,100.79,0.0,268,7,284240.33208955225,2820.0597014925374
2023,11,Atlanta,170879598,2088706,81.81,-0.19,748,10,228448.66042780748,2792.3877005347595
2024,8,Atlanta,282184056,2778151,101.57,0.24,974,7,289716.68993839837,2852.311088295688
2025,9,Atlanta,245761461,2578327,95.32,-0.062,1042,7,235855.52879078695,2474.402111324376
2022,36,Austin,13657813,242007,56.44,0.0,99,38,137957.70707070708,2444.5151515151515
2023,22,Austin,91534306,785333,116.55,1.07,199,39,459971.38693467336,3946.396984924623
2024,23,Austin,105878671,1098719,96.37,-0.17,271,35,390696.20295202953,4054.3136531365312
2025,18,Austin,138160326,1333626,103.6,0.075,325,34,425108.6953846154,4103.464615384615
2022,86,Bakersfield,2236762,35150,63.63,0.0,11,125,203342.0,3195.4545454545455
2023,97,Bakersfield,6738941,116620,57.79,-0.09,48,126,140394.60416666666,2429.5833333333335
2024,76,Bakersfield,13999063,168268,83.2,0.44,52,123,269212.75,3235.923076923077
2025,93,Bakersfield,8646804,113766,76.01,-0.086,50,125,172936.08,2275.32
2022,70,Baltimore,3653571,49278,74.14,0.0,24,28,152232.125,2053.25
2023,36,Baltimore,42647125,504975,84.45,0.14,104,26,410068.5096153846,4855.528846153846
2024,36,Baltimore,51884309,509133,101.91,0.21,126,28,411780.2301587302,4040.7380952380954
2025,33,Baltimore,69349259,764690,90.69,-0.11,162,29,428081.84567901236,4720.308641975309
2022,96,Bangor,1618834,23983,67.5,0.0,3,155,539611.3333333334,7994.333333333333
2025,92,Bangor,8655072,102062,84.8,0.185,12,156,721256.0,8505.166666666666
2022,91,Baton Rouge,2002858,29995,66.77,0.0,13,94,154066.0,2307.3076923076924
2022,77,Bend,3155285,43681,72.23,0.0,10,184,315528.5,4368.1
2022,90,Billings-Hardin,2087669,39666,52.63,0.0,42,167,49706.40476190476,944.4285714285714
2025,95,Biloxi-Gulfport,8017556,99475,80.6,-0.064,43,158,186454.7906976744,2313.3720930232557
2023,91,Biloxi-Gulfport-Pascagoula,7501476,102729,73.02,-0.05,55,160,136390.47272727272,1867.8
2024,100,Biloxi-Gulfport-Pascagoula,6803300,79021,86.09,0.18,43,157,158216.27906976745,1837.6976744186047
2022,49,Birmingham,6512182,79847,81.56,0.0,33,45,197338.84848484848,2419.6060606060605
2023,75,Birmingham,11798574,191671,61.56,-0.25,59,45,199975.83050847458,3248.6610169491523
2024,47,Birmingham,33559557,439981,76.28,0.24,170,45,197409.1588235294,2588.1235294117646
2025,49,Birmingham (Anniston and Tuscaloosa),42987158,570585,75.34,-0.012,201,45,213866.45771144278,2838.731343283582
2022,80,Boise,2851884,54764,52.08,0.0,40,101,71297.1,1369.1
2023,45,Boise,26877242,409406,65.65,0.26,287,106,93648.9268292683,1426.5017421602788
2024,57,Boise,24878598,387936,64.13,-0.02,266,98,93528.56390977444,1458.406015037594
2025,65,Boise,19804628,328283,60.33,-0.059,258,98,76762.12403100776,1272.4147286821706
2022,22,Boston,29270754,455608,64.25,0.0,299,10,97895.4983277592,1523.772575250836
2023,6,Boston,241196035,3007936,80.19,0.25,1756,9,137355.37300683372,1712.9476082004555
2024,5,Boston,346992352,3881422,89.4,0.11,1843,8,188275.82854042322,2106.0347259902333
2025,4,Boston (Manchester),400876049,4408122,90.94,0.017,2333,9,171828.5679382769,1889.4650664380626
2022,37,Buffalo,12890110,188629,68.34,0.0,52,53,247886.73076923078,3627.480769230769
2023,53,Buffalo,21013004,279843,75.09,0.1,99,53,212252.56565656565,2826.6969696969695
2024,70,Buffalo,18052665,310481,58.14,-0.23,84,54,214912.67857142858,3696.2023809523807
2025,42,Buffalo,51506530,597194,86.25,0.483,119,54,432827.9831932773,5018.436974789916
2022,72,Cedar Rapids-Waterloo,3446740,71868,47.96,0.0,64,92,53855.3125,1122.9375
2023,81,Cedar Rapids-Waterloo,9379715,189316,49.55,0.03,141,90,66522.80141843972,1342.6666666666667
2024,97,Cedar Rapids-Waterloo,7289165,134555,54.17,0.09,93,93,78378.1182795699,1446.8279569892472
2025,88,Cedar Rapids-Waterloo-Iowa City & Dubuque,8894574,165396,53.78,-0.007,91,94,97742.57142857143,1817.5384615384614
2022,68,Charleston,3821017,58268,65.58,0.0,40,89,95525.425,1456.7
2023,48,Charleston,24682314,339947,72.61,0.11,184,94,134143.01086956522,1847.5380434782608
2024,61,"Charleston, SC",23279066,344799,67.51,-0.07,201,88,115816.2487562189,1715.4179104477612
2025,69,"Charleston, SC",17085281,271803,62.86,-0.069,211,85,80972.89573459716,1288.1658767772512
2022,92,Charleston-Huntington,1892492,29505,64.14,0.0,11,75,172044.72727272726,2682.2727272727275
2023,89,Charleston-Huntington,7652578,122872,62.28,-0.03,59,70,129704.71186440678,2082.576271186441
2024,98,Charleston-Huntington,6809841,96220,70.77,0.14,42,79,162139.07142857142,2290.9523809523807
2025,80,Charleston-Huntington,11388299,218177,52.2,-0.262,71,82,160398.57746478874,3072.9154929577467
2022,20,Charlotte,33760402,412841,81.78,0.0,129,22,261708.5426356589,3200.3178294573645
2023,21,Charlotte,92862231,1041088,89.2,0.09,423,22,219532.4609929078,2461.2009456264777
2024,19,Charlotte,140593778,1665715,84.4,-0.05,628,21,223875.44267515923,2652.4124203821657
2025,23,Charlotte,112986221,1216064,92.91,0.101,589,21,191827.20033955856,2064.6247877758915
2024,94,Charlottesville,8681892,99618,87.15,0.67,12,177,723491.0,8301.5
2023,98,Chattanooga,6607820,102561,64.43,0.44,83,89,79612.2891566265,1235.6746987951808
2025,100,Chattanooga,6010590,101433,59.26,-0.19,92,86,65332.5,1102.5326086956522
2022,5,Chicago,86042731,1068037,80.56,0.0,458,3,187866.2248908297,2331.9585152838426
2023,4,Chicago,295681068,3291100,89.84,0.12,1207,3,244971.88732394367,2726.677713338857
2024,4,Chicago,367388152,4010328,91.61,0.02,1383,3,265645.80766449746,2899.7310195227765
2025,5,Chicago,399947094,4226636,94.63,0.033,1620,3,246880.92222222223,2609.0345679012344
2022,38,Cincinnati,11488279,206293,55.69,0.0,87,36,132049.183908046,2371.183908045977
2023,47,Cincinnati,24865505,410073,60.64,0.09,183,36,135877.07650273223,2240.8360655737706
2024,40,Cincinnati,42953265,624229,68.81,0.13,325,36,132163.8923076923,1920.7046153846154
2025,40,Cincinnati,55648300,706877,78.72,0.144,278,37,200173.74100719424,2542.723021582734
2022,31,Cleveland,17787957,253260,70.24,0.0,46,19,386694.7173913043,5505.652173913043
2023,32,Cleveland,45330757,676542,67.0,-0.05,193,19,234874.38860103628,3505.39896373057
2024,35,Cleveland,53784176,816970,65.83,-0.02,226,19,237983.0796460177,3614.9115044247787
2025,31,Cleveland-Akron (Canton),83551320,856169,97.59,0.482,196,19,426282.2448979592,4368.209183673469
2022,79,Columbia,2869085,52143,55.02,0.0,17,76,168769.70588235295,3067.235294117647
2023,69,Columbia,14758107,186859,78.98,0.44,47,77,314002.27659574465,3975.723404255319
2024,90,Columbia,9998824,115380,86.66,0.1,37,76,270238.4864864865,3118.3783783783783
2025,96,"Columbia, SC",7597706,131695,57.69,-0.334,44,76,172675.13636363635,2993.068181818182
2022,40,Columbus,9263107,131454,70.47,0.0,84,33,110275.08333333333,1564.9285714285713
2023,44,Columbus,27644508,371655,74.38,0.06,252,32,109700.42857142857,1474.8214285714287
2024,27,"Columbus, OH",86664972,855423,101.31,0.36,379,32,228667.4722955145,2257.052770448549
2025,43,"Columbus, OH",47738285,665917,71.69,-0.292,467,35,102223.30835117774,1425.9464668094217
2023,87,Columbus-Tupelo,7843650,191852,40.88,-0.09,93,133,84340.32258064517,2062.9247311827958
2022,98,Corpus Christi,1541542,40343,38.21,0.0,17,130,90678.94117647059,2373.1176470588234
2022,7,Dallas-Ft. Worth,60905142,683363,89.13,0.0,134,5,454515.98507462686,5099.723880597015
2023,8,Dallas-Ft. Worth,206799956,2252572,91.81,0.03,394,5,524872.9847715736,5717.187817258883
2024,10,Dallas-Ft. Worth,259607807,2755018,94.23,0.03,468,5,554717.5363247864,5886.790598290599
2025,10,Dallas-Ft. Worth,242219020,2532466,95.65,0.015,461,4,525420.8676789588,5493.418655097614
2022,88,Davenport-Rock Island,2175938,36059,60.34,0.0,10,103,217593.8,3605.9
2023,99,Davenport-Rock Island,6377075,124490,51.23,-0.15,37,101,172353.37837837837,3364.5945945945946
2022,84,Dayton,2466633,35854,68.8,0.0,9,65,274070.3333333333,3983.777777777778
2023,86,Dayton,8088168,146297,55.29,-0.2,71,64,113917.85915492958,2060.521126760563
2024,74,Dayton,14682663,236937,61.97,0.12,100,64,146826.63,2369.37
2022,8,Denver,56340791,706176,79.78,0.0,152,16,370663.0986842105,4645.894736842105
2023,16,Denver,134568071,1569758,85.73,0.07,412,17,326621.53155339806,3810.0922330097087
2024,18,Denver,152814674,1691713,90.33,0.05,457,16,334386.5951859956,3701.7789934354487
2025,12,Denver,218395048,2433003,89.76,-0.006,600,17,363991.74666666664,4055.005
2023,77,Des Moines,11421996,146384,78.03,0.54,47,69,243021.1914893617,3114.553191489362
2024,67,Des Moines,21110348,306823,68.8,-0.12,137,68,154090.13138686132,2239.5839416058393
2025,44,Des Moines-Ames,47606444,527294,90.28,0.312,163,67,292064.0736196319,3234.9325153374234
2022,13,Detroit,41720069,574252,72.65,0.0,86,15,485117.0813953488,6677.3488372093025
2023,14,Detroit,164665824,2140552,76.93,0.06,430,13,382943.77674418606,4978.027906976744
2024,13,Detroit,208376320,2485735,83.83,0.09,548,14,380248.7591240876,4536.012773722628
2025,15,Detroit,176278287,2025112,87.05,0.038,447,14,394358.58389261743,4530.451901565995
2022,60,El Paso,5164849,62329,82.86,0.0,12,93,430404.0833333333,5194.083333333333
2023,71,El Paso,13699845,175681,77.98,-0.06,122,92,112293.81147540984,1440.0081967213114
2024,54,El Paso,26324528,239110,110.09,0.41,96,91,274213.8333333333,2490.7291666666665
2025,76,El Paso (Las Cruces),13168255,138777,94.89,-0.138,78,89,168823.78205128206,1779.1923076923076
2022,100,Eugene,1445285,31594,45.75,0.0,10,113,144528.5,3159.4
2022,83,Evansville,2513661,41247,60.94,0.0,17,106,147862.41176470587,2426.294117647059
2024,88,Evansville,10734837,198522,54.07,-0.13,91,107,117965.24175824175,2181.5604395604396
2025,86,Evansville,10066274,276420,36.42,-0.327,121,109,83192.34710743802,2284.4628099173556
2022,67,Fargo,4231594,61685,68.6,0.0,12,114,352632.8333333333,5140.416666666667
2023,95,Fargo,7046771,80566,87.47,0.28,17,116,414515.9411764706,4739.176470588235
2024,77,Fargo,13929945,144015,96.73,0.11,29,113,480342.9310344828,4966.0344827586205
2025,58,Fort Myers-Naples,24635794,334051,73.75,0.01,207,53,119013.49758454107,1613.7729468599034
2025,79,Fort Smith-Fayetteville-Springdale-Rogers,11937228,200691,59.48,0.011,41,96,291151.9024390244,4894.90243902439
2025,94,Fort Wayne,8043679,157174,51.18,-0.046,142,110,56645.626760563384,1106.8591549295775
2022,55,Fresno-Visalia,5541401,73126,75.78,0.0,15,55,369426.73333333334,4875.066666666667
2023,66,Fresno-Visalia,15728079,205036,76.71,0.01,53,54,296756.2075471698,3868.603773584906
2024,65,Fresno-Visalia,21622213,229407,94.25,0.23,54,53,400411.35185185185,4248.277777777777
2025,57,Fresno-Visalia,27580863,311687,88.49,-0.061,73,55,377820.0410958904,4269.684931506849
2022,50,Ft. Myers-Naples,6418101,99053,64.79,0.0,44,54,145865.93181818182,2251.2045454545455
2023,61,Ft. Myers-Naples,18251641,238816,76.43,0.18,154,61,118517.14935064936,1550.7532467532467
2024,60,Ft. Myers-Naples,23312109,319374,72.99,-0.04,168,55,138762.55357142858,1901.0357142857142
2022,53,Ft. Smith,6155586,118911,51.77,0.0,19,95,323978.2105263158,6258.473684210527
2023,83,Ft. Smith,8446241,147408,57.3,0.11,30,99,281541.36666666664,4913.6
2024,81,Ft. Smith,12541477,213097,58.85,0.03,37,97,338958.8378378378,5759.378378378378
2022,87,Ft. Wayne,2224545,51702,43.03,0.0,88,111,25278.920454545456,587.5227272727273
2023,94,Ft. Wayne,7068200,160743,43.97,0.02,142,110,49776.05633802817,1131.9929577464789
2024,82,Ft. Wayne,11758895,219241,53.63,0.22,138,108,85209.38405797101,1588.7028985507247
2022,61,Grand Rapids-Kalamazoo,4944432,94903,52.1,0.0,77,41,64213.4025974026,1232.5064935064936
2023,59,Grand Rapids-Kalamazoo,18729510,381644,49.08,-0.06,325,44,57629.26153846154,1174.2892307692307
2024,41,Grand Rapids-Kalamazoo,40342466,685437,58.86,0.2,440,42,91687.42272727273,1557.8113636363637
2025,52,Grand Rapids-Kalamazoo-Battle Creek,36357174,606248,59.97,0.019,409,43,88892.84596577018,1482.2689486552567
2023,68,Green Bay-Appleton,15157286,174304,86.96,0.72,66,68,229655.84848484848,2640.969696969697
2024,71,Green Bay-Appleton,16694888,219459,76.07,-0.13,110,69,151771.70909090908,1995.081818181818
2025,62,Green Bay-Appleton,22145037,306558,72.24,-0.05,153,68,144738.80392156861,2003.6470588235295
2025,36,Greensboro-High Point-Winston-Salem,60012194,881500,68.08,-0.075,304,46,197408.53289473685,2899.6710526315787
2022,89,Greensboro-Winston Salem,2119884,44077,48.1,0.0,44,47,48179.181818181816,1001.75
2023,40,Greensboro-Winston Salem,32015006,378757,84.53,0.76,190,46,168500.03157894738,1993.457894736842
2024,39,Greensboro-Winston Salem,43137508,586331,73.57,-0.13,274,47,157436.16058394162,2139.894160583942
2022,42,Greenville-Spartanburg,8411611,160772,52.32,0.0,118,35,71284.83898305085,1362.4745762711864
2023,39,Greenville-Spartanburg,36390876,509173,71.47,0.37,312,37,116637.42307692308,1631.9647435897436
2024,48,Greenville-Spartanburg,33147576,442383,74.93,0.05,192,37,172643.625,2304.078125
2025,41,Greenville-Spartanburg-Asheville-Anderson,54769300,822100,66.62,-0.111,282,36,194217.37588652482,2915.248226950355
2025,67,Harlingen-Weslaco-Brownsville-McAllen,18632463,184805,100.82,0.038,57,80,326885.3157894737,3242.1929824561403
2025,47,Harrisburg-Lancaster-Lebanon-York,44104498,443128,99.53,0.353,76,42,580322.3421052631,5830.631578947368
2023,65,Harrisburg-York-Lancaster,16326195,219215,74.48,-0.02,42,43,388718.9285714286,5219.4047619047615
2024,69,Harrisburg-York-Lancaster,19728654,268287,73.54,-0.01,56,43,352297.39285714284,4790.839285714285
2022,35,Harrisburg/York/Lancaster,16536639,217991,75.86,0.0,24,42,689026.625,9082.958333333334
2022,21,Hartford-New Haven,30181334,415813,72.58,0.0,184,32,164028.98913043478,2259.853260869565
2023,29,Hartford-New Haven,50548189,800312,63.16,-0.13,327,30,154581.61773700305,2447.4373088685015
2024,33,Hartford-New Haven,57343763,812808,70.55,0.12,293,34,195712.50170648465,2774.0887372013653
2025,32,Hartford-New Haven,81690796,1034251,78.99,0.12,310,32,263518.69677419355,3336.293548387097
2025,97,Honolulu,6928804,65205,106.26,0.258,25,69,277152.16,2608.2
2022,10,Houston,45734158,546409,83.7,0.0,141,8,324355.7304964539,3875.241134751773
2023,15,Houston,138209762,1374414,100.56,0.2,439,8,314828.6150341686,3130.7835990888384
2024,17,Houston,170669310,1631831,104.59,0.04,477,6,357797.2955974843,3421.029350104822
2025,21,Houston,135643052,1396139,97.16,-0.071,392,6,346028.193877551,3561.579081632653
2023,74,Huntsville-Decatur,11888542,162728,73.06,0.37,45,79,264189.8222222222,3616.177777777778
2024,78,Huntsville-Decatur,13630962,211471,64.46,-0.12,58,81,235016.58620689655,3646.051724137931
2025,74,Huntsville-Decatur (Florence),14363505,224753,63.91,-0.009,67,75,214380.67164179104,3354.5223880597014
2022,23,Indianapolis,28963699,543537,53.29,0.0,109,25,265722.00917431194,4986.577981651376
2023,26,Indianapolis,68745421,1094711,62.8,0.18,383,27,179491.96083550915,2858.253263707572
2024,24,Indianapolis,100588792,1542099,65.23,0.04,355,25,283348.70985915494,4343.940845070422
2025,20,Indianapolis,136124403,1820103,74.79,0.147,421,25,323335.87410926365,4323.285035629454
2022,26,Jacksonville,22566159,356784,63.25,0.0,174,43,129690.56896551725,2050.4827586206898
2023,37,Jacksonville,42568649,634134,67.13,0.06,302,47,140955.79139072847,2099.781456953642
2024,37,Jacksonville,49296512,671108,73.46,0.09,284,41,173579.2676056338,2363.056338028169
2025,35,Jacksonville,65049151,783737,83.0,0.13,405,41,160615.187654321,1935.153086419753
2024,99,Johnstown-Altoona,6803328,100926,67.41,0.78,37,109,183873.72972972973,2727.7297297297296
2025,75,Johnstown-Altoona-State College,13560484,146116,92.81,0.377,17,112,797675.5294117647,8595.058823529413
2022,52,Kansas City,6394026,118275,54.06,0.0,32,34,199813.3125,3696.09375
2023,30,Kansas City,48724315,521893,93.36,0.73,104,33,468503.0288461539,5018.201923076923
2024,34,Kansas City,55966199,617884,90.58,-0.03,106,33,527983.0094339623,5829.094339622641
2025,39,Kansas City,56526278,697833,81.0,-0.106,227,33,249014.44052863435,3074.1541850220265
2022,97,Knoxville,1601067,30947,51.74,0.0,18,62,88948.16666666667,1719.2777777777778
2023,41,Knoxville,29518974,389997,75.69,0.46,149,62,198113.91946308725,2617.4295302013425
2024,45,Knoxville,35969148,407703,88.22,0.17,124,61,290073.77419354836,3287.9274193548385
2025,55,Knoxville,33706693,397961,84.7,-0.04,150,60,224711.28666666665,2653.0733333333333
2023,82,Lansing,8529353,101247,84.24,1.31,64,113,133271.140625,1581.984375
2022,1,Las Vegas,197182030,1022793,192.79,0.0,292,40,675280.9246575342,3502.7157534246576
2023,2,Las Vegas,518813927,3420314,151.69,-0.21,966,40,537074.4585921325,3540.6977225672877
2024,3,Las Vegas,600017204,3410840,175.91,0.16,1034,40,580287.4313346228,3298.684719535783
2025,2,Las Vegas,796930022,3902147,204.23,0.161,1132,40,704001.7862190813,3447.1263250883394
2022,75,Lexington,3352364,48534,69.07,0.0,25,63,134094.56,1941.36
2023,58,Lexington,19341695,254656,75.95,0.1,78,63,247970.44871794872,3264.8205128205127
2024,52,Lexington,30541169,492087,62.06,-0.18,154,63,198319.27922077922,3195.37012987013
2025,53,Lexington,35984855,537848,66.91,0.078,194,63,185488.94329896907,2772.4123711340208
2022,73,Lincoln-Hastings-Kearney,3406325,58466,58.26,0.0,41,105,83081.09756097561,1426.0
2023,79,Lincoln-Hastings-Kearney,10345747,129990,79.59,0.37,72,105,143690.93055555556,1805.4166666666667
2024,63,Lincoln-Hastings-Kearney,22082699,252947,87.3,0.1,96,106,230028.11458333334,2634.8645833333335
2025,89,Lincoln-Hastings-Kearney,8871701,157885,56.19,-0.356,101,107,87838.62376237624,1563.2178217821781
2022,81,Little Rock,2850907,61561,46.31,0.0,25,59,114036.28,2462.44
2023,43,Little Rock,27748330,330390,83.99,0.81,67,57,414154.17910447763,4931.194029850746
2024,68,Little Rock,20278175,328250,61.78,-0.26,85,60,238566.76470588235,3861.764705882353
2025,61,Little Rock-Pine Bluff,23753693,326783,72.69,0.177,81,58,293255.4691358025,4034.358024691358
2022,2,Los Angeles,154186341,1564484,98.55,0.0,199,2,774805.7336683417,7861.728643216081
2023,3,Los Angeles,515075052,4458618,115.52,0.17,841,2,612455.4720570749,5301.567181926278
2024,2,Los Angeles,718430010,5819641,123.45,0.07,1125,2,638604.4533333334,5173.014222222222
2025,3,Los Angeles,547340096,4719798,115.97,-0.061,1146,2,477609.1588132635,4118.497382198952
2022,43,Louisville,7998128,135533,59.01,0.0,37,49,216165.62162162163,3663.054054054054
2023,46,Louisville,26113121,361788,72.18,0.22,81,49,322384.2098765432,4466.518518518518
2024,46,Louisville,35453977,385041,92.08,0.28,85,48,417105.61176470586,4529.894117647059
2025,68,Louisville,18504560,240729,76.87,-0.165,70,49,264350.85714285716,3438.9857142857145
2022,85,Lubbock,2359336,48237,48.91,0.0,14,145,168524.0,3445.5
2022,78,Madison,3148592,76893,40.95,0.0,78,81,40366.5641025641,985.8076923076923
2023,84,Madison,8444094,196184,43.04,0.05,235,80,35932.31489361702,834.8255319148936
2024,72,Madison,16067192,290936,55.23,0.28,271,72,59288.531365313655,1073.5645756457563
2025,63,Madison,21815670,337386,64.66,0.171,346,77,63051.06936416185,975.1040462427745
2022,65,McAllen-Brownsville,4321953,41458,104.25,0.0,7,85,617421.8571428572,5922.571428571428
2023,51,McAllen-Brownsville,21551371,230005,93.7,-0.1,90,84,239459.67777777778,2555.6111111111113
2024,55,McAllen-Brownsville,26061545,268359,97.11,0.04,82,83,317823.7195121951,3272.670731707317
2022,54,Memphis,5828101,102262,56.99,0.0,42,51,138764.30952380953,2434.809523809524
2023,54,Memphis,20933642,268725,77.9,0.37,84,51,249210.02380952382,3199.1071428571427
2024,59,Memphis,24194448,323761,74.73,-0.04,111,52,217968.0,2916.765765765766
2025,85,Memphis,10252562,141879,72.26,-0.033,57,51,179869.50877192983,2489.1052631578946
2022,12,Miami,42252064,427700,98.79,0.0,70,18,603600.9142857143,6110.0
2023,7,Miami,207883962,1812116,114.72,0.16,399,16,521012.4360902256,4541.644110275689
2024,9,Miami - Ft. Lauderdale,264924195,2294435,115.46,0.01,634,18,417861.5063091483,3618.9826498422713
2025,13,Miami-Ft. Lauderdale,203683629,1582794,128.69,0.115,606,18,336111.599009901,2611.871287128713
2022,34,Milwaukee,16538612,218204,75.79,0.0,29,37,570296.9655172414,7524.275862068966
2023,33,Milwaukee,44369211,529218,83.84,0.11,78,35,568836.0384615385,6784.846153846154
2024,29,Milwaukee,76095044,624159,121.92,0.45,96,38,792656.7083333334,6501.65625
2025,38,Milwaukee,59372870,631602,94.0,-0.229,94,38,631626.2765957447,6719.170212765957
2022,15,Minneapolis-St. Paul,39550678,440668,89.75,0.0,273,14,144874.27838827838,1614.1684981684982
2023,17,Minneapolis-St. Paul,129671417,1964182,66.02,-0.26,974,15,133132.87166324435,2016.6139630390144
2024,20,Minneapolis-St. Paul,137514647,1677225,81.99,0.24,1097,15,125355.19325432999,1528.9197812215132
2025,22,Minneapolis-St. Paul,113992610,1200130,94.98,0.158,356,16,320203.9606741573,3371.1516853932585
2022,51,Missoula,6416049,123549,51.93,0.0,49,161,130939.77551020408,2521.408163265306
2023,96,Missoula,6897306,175016,39.41,-0.24,131,164,52651.19083969466,1336.0
2024,93,Missoula,8956589,176663,50.7,0.29,93,162,96307.40860215054,1899.6021505376343
2025,66,Missoula,19239393,215812,89.15,0.758,102,161,188621.5,2115.8039215686276
2022,48,Mobile-Pensacola,6585009,110910,59.37,0.0,92,57,71576.18478260869,1205.5434782608695
2023,72,Mobile-Pensacola,12864838,172246,74.69,0.26,107,60,120232.1308411215,1609.7757009345794
2024,86,Mobile-Pensacola,10839257,134941,80.33,0.08,54,58,200726.9814814815,2498.9074074074074
2025,98,Mobile-Pensacola (Fort Walton Beach),6383494,93172,68.51,-0.147,55,57,116063.52727272727,1694.0363636363636
2022,9,Nashville,48115489,628295,76.58,0.0,383,29,125627.908616188,1640.4569190600523
2023,12,Nashville,168859507,2074789,81.39,0.06,896,29,188459.27120535713,2315.612723214286
2024,12,Nashville,227998795,2326642,97.99,0.2,501,27,455087.4151696607,4643.996007984032
2025,17,Nashville,146841864,1851805,79.3,-0.191,957,26,153439.77429467085,1935.0104493207941
2022,44,New Orleans,7515608,96596,77.8,0.0,14,50,536829.1428571428,6899.714285714285
2023,60,New Orleans,18493262,212684,86.95,0.12,63,50,293543.84126984124,3375.936507936508
2024,56,New Orleans,25988740,233725,111.19,0.28,52,50,499783.46153846156,4494.711538461538
2025,72,New Orleans,15769554,148125,106.46,-0.043,48,50,328532.375,3085.9375
2022,3,New York,116254330,1402782,82.87,0.0,881,1,131957.2417707151,1592.261066969353
2023,1,New York,796613879,7568956,105.25,0.27,3240,1,245868.4811728395,2336.0975308641973
2024,1,New York,912581848,8581899,106.34,0.01,3142,1,290446.16422660724,2731.3491406747294
2025,1,New York,1044059179,9623396,108.49,0.02,3723,1,280434.91243620735,2584.849852269675
2022,58,Norfolk-Portsmouth-Newport,5305442,114663,46.27,0.0,31,46,171143.29032258064,3698.8064516129034
2023,67,Norfolk-Portsmouth-Newport,15700208,272284,57.66,0.25,140,42,112144.34285714285,1944.8857142857144
2024,73,Norfolk-Portsmouth-Newport,15680336,261121,60.05,0.04,57,44,275093.6140350877,4581.070175438596
2025,56,Norfolk-Portsmouth-Newport News,29104266,429356,67.79,0.129,99,44,293982.48484848486,4336.929292929293
2023,100,Odessa-Midland,6101409,112316,54.32,0.76,119,143,51272.34453781512,943.8319327731092
2022,59,Oklahoma City,5205592,107983,48.21,0.0,39,44,133476.71794871794,2768.7948717948716
2023,42,Oklahoma City,28256082,383781,73.63,0.53,85,41,332424.49411764706,4515.070588235294
2024,58,Oklahoma City,24550572,348062,70.54,-0.04,83,46,295790.0240963855,4193.518072289156
2025,46,Oklahoma City,44546820,522561,85.25,0.209,120,47,371223.5,4354.675
2022,33,Omaha,17125528,244214,70.13,0.0,179,72,95673.3407821229,1364.3240223463688
2023,31,Omaha,46079327,677068,68.06,-0.03,345,74,133563.26666666666,1962.5159420289856
2024,42,Omaha,38145205,545805,69.89,0.03,325,73,117369.86153846154,1679.4
2025,37,Omaha,59497937,823337,72.26,0.034,351,73,169509.792022792,2345.6894586894587
2022,25,Orlando-Daytona Beach,23992393,299578,80.09,0.0,56,17,428435.58928571426,5349.607142857143
2023,18,Orlando-Daytona Beach,125388650,1309441,95.76,0.2,332,18,377676.656626506,3944.0993975903616
2024,25,Orlando-Daytona Beach,100480605,1132536,88.72,-0.07,372,17,270109.1532258064,3044.451612903226
2025,19,Orlando-Daytona Beach-Melbourne,138090965,1364509,101.2,0.141,410,15,336807.23170731706,3328.070731707317
2024,43,Palm Springs,37704587,295722,127.5,-0.16,155,144,243255.4,1907.883870967742
2025,45,Palm Springs,46054644,395552,116.43,-0.087,137,145,336165.28467153286,2887.2408759124087
2022,95,Peoria,1633251,31249,52.27,0.0,22,123,74238.68181818182,1420.409090909091
2023,88,Peoria,7702755,144461,53.32,0.02,65,118,118503.92307692308,2222.476923076923
2024,87,Peoria,10751912,175811,61.16,0.15,96,122,111999.08333333333,1831.3645833333333
2025,81,Peoria-Bloomington,11338093,208948,54.26,-0.113,132,122,85894.64393939394,1582.939393939394
2022,11,Philadelphia,44849510,588615,76.19,0.0,282,4,159040.81560283687,2087.2872340425533
2023,13,Philadelphia,164812261,2013176,81.87,0.07,811,4,203221.0369913687,2482.3378545006167
2024,14,Philadelphia,193388753,2111358,91.59,0.12,681,4,283977.610866373,3100.3788546255505
2025,11,Philadelphia,221076789,2262919,97.7,0.067,618,5,357729.43203883496,3661.6812297734627
2022,16,Phoenix,37372226,486807,76.77,0.0,140,11,266944.47142857144,3477.192857142857
2023,19,Phoenix,118125380,1341434,88.06,0.15,364,12,324520.2747252747,3685.2582417582416
2024,15,Phoenix,189302855,1814532,104.33,0.18,417,11,453963.6810551559,4351.395683453237
2025,14,Phoenix (Prescott),190514120,1839208,103.58,-0.007,490,12,388804.32653061225,3753.4857142857145
2022,24,Pittsburgh,25292525,321733,78.61,0.0,72,26,351285.06944444444,4468.513888888889
2023,24,Pittsburgh,72753697,948744,76.68,-0.02,244,23,298170.8893442623,3888.2950819672133
2024,22,Pittsburgh,108505634,1354723,80.09,0.04,233,26,465689.41630901286,5814.261802575107
2025,25,Pittsburgh,99669657,1240263,80.36,0.003,671,27,148538.9821162444,1848.3800298062592
2022,28,Portland,19362746,298511,64.86,0.0,121,21,160022.69421487604,2467.03305785124
2023,25,Portland,70671109,1131298,62.47,-0.04,595,25,118774.9731092437,1901.3411764705882
2024,31,"Portland, OR",72567462,1177172,61.65,-0.01,560,23,129584.75357142858,2102.092857142857
2025,28,"Portland, OR",87079505,1159042,75.13,0.219,573,23,151971.21291448516,2022.760907504363
2024,80,Portland-Auburn,12649918,247231,51.17,0.03,161,78,78570.91925465838,1535.5962732919254
2022,66,Portland-Poland Spring,4256237,91675,46.43,0.0,45,78,94583.04444444444,2037.2222222222222
2023,76,Portland-Poland Spring,11520540,231971,49.66,0.07,138,81,83482.17391304347,1680.9492753623188
2022,93,Providence-New Bedford,1783186,30923,57.67,0.0,15,52,118879.06666666667,2061.5333333333333
2023,52,Providence-New Bedford,21425722,303378,70.62,0.22,234,52,91562.91452991453,1296.4871794871794
2024,64,Providence-New Bedford,21999534,337000,65.28,-0.08,248,51,88707.79838709677,1358.8709677419354
2025,59,Providence-New Bedford,24182813,391564,61.76,-0.054,274,52,88258.44160583941,1429.065693430657
2022,29,Raleigh-Durham,19035829,331547,57.42,0.0,82,24,232144.25609756098,4043.256097560976
2023,27,Raleigh-Durham,65383987,908314,71.98,0.25,364,24,179626.3379120879,2495.368131868132
2024,30,Raleigh-Durham,73157173,994966,73.53,0.02,357,22,204922.05322128852,2787.0196078431372
2025,30,Raleigh-Durham (Fayetteville),83701154,1057695,79.14,0.076,342,22,244740.21637426902,3092.6754385964914
2022,82,Reno,2747403,36873,74.51,0.0,16,104,171712.6875,2304.5625
2023,56,Reno,20501464,239297,85.67,0.15,110,112,186376.94545454546,2175.427272727273
2024,66,Reno,21143521,253123,83.53,-0.03,224,102,94390.71875,1130.013392857143
2025,84,Reno,10355497,130403,79.41,-0.049,60,103,172591.61666666667,2173.383333333333
2022,76,Richmond,3301837,52883,62.44,0.0,34,56,97112.85294117648,1555.3823529411766
2023,55,Richmond,20847440,324620,64.22,0.03,320,55,65148.25,1014.4375
2024,50,Richmond,32758075,495844,66.07,0.03,434,56,75479.43548387097,1142.4976958525347
2025,64,Richmond-Petersburg,20773060,338806,61.31,-0.072,268,56,77511.41791044777,1264.2014925373135
2022,39,Roanoke-Lynchburg,10393765,160389,64.8,0.0,12,71,866147.0833333334,13365.75
2022,63,Rochester,4561347,84383,54.06,0.0,26,77,175436.42307692306,3245.5
2023,70,Rochester,14590313,218391,66.81,0.24,68,76,214563.42647058822,3211.6323529411766
2022,17,Sacramento-Stockton,37090748,438615,84.56,0.0,84,20,441556.5238095238,5221.607142857143
2023,28,Sacramento-Stockton,52137206,718619,72.55,-0.14,311,20,167643.7491961415,2310.672025723473
2024,26,Sacramento-Stockton,99934450,1236730,80.81,0.11,475,20,210388.31578947368,2603.642105263158
2025,29,Sacramento-Stockton-Modesto,86811149,1053408,82.41,0.02,382,20,227254.31675392672,2757.612565445026
2022,41,Salt Lake City,9075899,174799,51.92,0.0,58,30,156481.0172413793,3013.7758620689656
2023,38,Salt Lake City,38454385,619892,62.03,0.19,283,34,135881.21908127208,2190.4310954063603
2024,38,Salt Lake City,43825816,746466,58.71,-0.05,254,29,172542.58267716537,2938.8425196850394
2025,26,Salt Lake City,90298937,976967,92.43,0.574,286,28,315730.5489510489,3415.9685314685316
2022,32,San Antonio,17689586,246648,71.72,0.0,95,31,186206.16842105263,2596.294736842105
2023,35,San Antonio,43351515,447043,96.97,0.35,110,31,394104.6818181818,4064.0272727272727
2024,32,San Antonio,68158094,654207,104.18,0.07,110,31,619619.0363636364,5947.336363636364
2025,27,San Antonio,89643090,828536,108.19,0.038,224,31,400192.3660714286,3698.8214285714284
2022,30,San Diego,18220546,260642,69.91,0.0,75,27,242940.61333333334,3475.2266666666665
2023,23,San Diego,89289475,984104,90.73,0.3,305,28,292752.37704918033,3226.570491803279
2024,21,San Diego,115498960,1152062,100.25,0.1,272,30,424628.5294117647,4235.52205882353
2025,24,San Diego,101276046,1046092,96.81,-0.034,310,30,326696.9225806452,3374.490322580645
2023,5,San Francisco-Oakland-San Jose,276405667,3029716,91.23,-0.07,803,6,344216.2727272727,3772.9962640099625
2024,6,San Francisco-Oakland-San Jose,297753016,2981819,99.86,0.09,899,10,331204.6896551724,3316.817575083426
2025,6,San Francisco-Oakland-San Jose,322243534,3291183,97.91,-0.019,1061,10,303716.808671065,3101.9632422243167
2022,4,San Francisco/Oakland/San Jose,105505880,1079209,97.76,0.0,214,6,493018.1308411215,5043.032710280374
2022,57,Santa Barbara-Santa Maria,5452643,82586,66.02,0.0,32,121,170395.09375,2580.8125
2024,85,Santa Barbara-Santa Maria,10859565,141595,76.69,0.33,64,124,169680.703125,2212.421875
2025,87,Santa Barbara-Santa Maria-San Luis Obispo,8935471,120379,74.23,-0.032,73,123,122403.71232876713,1649.027397260274
2023,93,Savannah,7238928,68749,105.3,1.26,21,91,344710.85714285716,3273.7619047619046
2024,83,Savannah,11578986,134196,86.28,-0.18,44,87,263158.7727272727,3049.909090909091
2025,83,Savannah,10745541,156318,68.74,-0.203,60,84,179092.35,2605.3
2022,19,Seattle-Tacoma,36758387,557454,65.94,0.0,243,12,151269.08230452676,2294.0493827160494
2023,9,Seattle-Tacoma,199495942,2377347,83.92,0.27,1137,14,175458.17238346525,2090.8944591029026
2024,11,Seattle-Tacoma,238477665,2560288,93.14,0.11,1110,12,214844.74324324325,2306.5657657657657
2025,8,Seattle-Tacoma,259109740,2777182,93.3,0.002,1130,13,229300.65486725664,2457.683185840708
2025,99,Shreveport-Texarkana,6021498,97799,61.57,-0.011,33,91,182469.63636363635,2963.6060606060605
2022,74,Sioux Falls-Mitchell,3372345,59764,56.43,0.0,25,109,134893.8,2390.56
2023,63,Sioux Falls-Mitchell,16937485,231212,73.26,0.3,117,109,144764.82905982906,1976.1709401709402
2024,79,Sioux Falls-Mitchell,13255402,185443,71.48,-0.02,116,112,114270.70689655172,1598.646551724138
2025,78,Sioux Falls-Mitchell,11992775,170686,70.26,-0.017,106,111,113139.38679245283,1610.245283018868
2022,69,South Bend-Elkhart,3812010,70460,54.1,0.0,100,98,38120.1,704.6
2023,64,South Bend-Elkhart,16564926,232736,71.17,0.32,191,96,86727.36125654451,1218.5130890052355
2024,89,South Bend-Elkhart,10505934,177496,59.19,-0.17,175,99,60033.90857142857,1014.2628571428571
2025,70,South Bend-Elkhart,16294655,292219,55.76,-0.058,536,100,30400.475746268658,545.1847014925373
2023,73,Spokane,12466832,193312,64.49,0.51,118,73,105651.1186440678,1638.2372881355932
2024,44,Spokane,36042532,519248,69.41,0.08,199,67,181118.2512562814,2609.286432160804
2025,51,Spokane,36879587,551932,66.82,-0.037,191,66,193086.84293193716,2889.696335078534
2022,64,Springfield,4430979,89433,49.55,0.0,46,74,96325.63043478261,1944.195652173913
2023,92,Springfield,7404931,143389,51.64,0.04,149,75,49697.523489932886,962.3422818791946
2025,90,"Springfield, MO",8751091,138614,63.13,0.027,40,74,218777.275,3465.35
2024,95,Springfield-Holyoke,8637238,99990,86.38,0.67,88,114,98150.43181818182,1136.25
2022,27,St. Louis,21431165,267759,80.04,0.0,43,23,498399.18604651163,6226.953488372093
2023,34,St. Louis,43997023,563424,78.09,-0.02,146,21,301349.4726027397,3859.068493150685
2024,28,St. Louis,79429740,983274,80.78,0.03,196,24,405253.7755102041,5016.7040816326535
2025,34,St. Louis,67854447,845939,80.21,-0.007,422,24,160792.52843601897,2004.5947867298578
2022,56,Syracuse,5508543,107007,51.48,0.0,68,87,81007.98529411765,1573.6323529411766
2023,57,Syracuse,19483787,254062,76.69,0.49,147,85,132542.768707483,1728.312925170068
2024,62,Syracuse,22185610,307843,72.07,-0.06,95,85,233532.73684210525,3240.452631578947
2025,60,Syracuse,23918054,242154,98.77,0.371,70,88,341686.4857142857,3459.342857142857
2022,18,Tampa-St. Petersburg,36848355,414481,88.9,0.0,142,13,259495.45774647887,2918.8802816901407
2023,20,Tampa-St. Petersburg,110729314,1272964,86.99,-0.02,480,11,230686.07083333333,2652.008333333333
2024,16,Tampa-St. Petersburg,180919605,1874169,96.53,0.11,596,13,303556.3842281879,3144.5788590604025
2025,16,Tampa-St. Petersburg (Sarasota),170857012,1843671,92.67,-0.04,734,11,232775.22070844687,2511.8133514986375
2022,94,Toledo,1775188,32587,54.48,0.0,13,80,136552.92307692306,2506.6923076923076
2023,80,Toledo,10244973,208934,49.03,-0.1,52,78,197018.71153846153,4017.9615384615386
2024,91,Toledo,9834667,171418,57.37,0.17,71,80,138516.4366197183,2414.3380281690143
2025,71,Toledo,15884478,260232,61.04,0.064,115,81,138125.8956521739,2262.886956521739
2022,99,Tucson,1466031,37595,39.0,0.0,50,64,29320.62,751.9
2024,92,Tucson,9577877,202694,47.25,0.2,317,65,30214.12302839117,639.4132492113565
2025,91,Tucson (Sierra Vista),8744219,177603,49.23,0.042,298,65,29343.01677852349,595.98322147651
2022,45,Tulsa,7011284,134097,52.29,0.0,35,61,200322.4,3831.342857142857
2023,62,Tulsa,17824702,268756,66.32,0.27,92,58,193746.76086956522,2921.2608695652175
2024,51,Tulsa,31602558,495715,63.75,-0.04,129,62,244981.06976744186,3842.751937984496
2025,54,Tulsa,34378278,391444,87.82,0.378,85,61,404450.3294117647,4605.2235294117645
2022,14,Washington,39606979,448931,88.23,0.0,272,9,145613.89338235295,1650.4816176470588
2023,10,Washington,194070404,2642273,73.45,-0.17,1789,7,108479.82336500839,1476.9552822806038
2025,7,"Washington, D.C. (Hagerstown)",286436286,3626771,78.98,-0.089,2342,8,122304.13578138343,1548.5785653287787
2024,7,"Washington, DC",288561249,3328484,86.69,0.18,1886,9,153001.72269353128,1764.8377518557795
2022,46,West Palm Beach-Fort Pierce,7008460,121732,57.57,0.0,26,39,269556.1538461539,4682.0
2023,50,West Palm Beach-Fort Pierce,22335245,346362,64.49,0.12,187,38,119439.8128342246,1852.2032085561498
2024,49,West Palm Beach-Fort Pierce,32875829,467915,70.26,0.09,166,39,198047.1626506024,2818.765060240964
2025,50,West Palm Beach-Fort Pierce,40217758,542955,74.07,0.054,247,39,162824.93117408906,2198.1983805668015
2022,71,Wichita-Hutchinson,3596819,87782,40.97,0.0,51,70,70525.86274509804,1721.2156862745098
2023,78,Wichita-Hutchinson,11382122,216012,52.69,0.29,91,66,125078.26373626373,2373.7582417582416
2024,96,Wichita-Hutchinson,8009338,141098,56.76,0.08,79,70,101384.02531645569,1786.0506329113923
2025,82,Wichita-Hutchinson Plus,11219008,187531,59.82,0.054,77,71,145701.4025974026,2435.4675324675327
2025,77,Wilkes Barre-Scranton-Hazleton,12242582,207589,58.98,0.043,112,59,109308.76785714286,1853.4732142857142
2023,90,Wilkes-Barre - Scranton,7609136,142195,53.51,0.07,85,56,89519.24705882353,1672.8823529411766
2024,84,Wilkes-Barre - Scranton,11402681,201720,56.53,0.06,106,57,107572.46226415095,1903.0188679245282
