year,rank,market,gross,tickets,avg_price,avg_price_change,shows,dma_rank,revenue_per_show,tickets_per_show,tm_events,tm_avg_price,tm_unique_artists,gross_lag1,tickets_lag1,avg_price_lag1,shows_lag1,gross_growth,ticket_growth,dma_static_strength,annual_sales_avg,avg_ticket_price_dma,annual_sales_current,strength_vs_avg,price_premium_vs_dma,sales_momentum
2022,47,Albany-Schenectady-Troy,6758751,121687,55.54,0.0,36,60,187743.0833333333,3380.1944444444443,,,,,,,,,,151.0,51.75,62.115,53.0,0.9515766293398304,0.8941479513805038,1.0241545893719808
2023,49,Albany-Schenectady-Troy,23249640,379386,61.28,0.1,181,59,128451.0497237569,2096.0552486187844,,,,6758751.0,121687.0,55.54,36.0,2.4399314311179685,2.1177200522652377,151.0,51.75,62.115,53.0,0.9515766293398304,0.9865571923045963,1.0241545893719808
2024,53,Albany-Schenectady-Troy,30441052,459187,66.29,0.08,137,59,222197.4598540146,3351.7299270072995,,,,23249640.0,379386.0,61.28,181.0,0.3093128323707377,0.2103425007775721,151.0,51.75,62.115,53.0,0.9515766293398304,1.0672140384770186,1.0241545893719808
2025,48,Albany-Schenectady-Troy,43907952,671923,65.35,-0.014,162,62,271036.7407407408,4147.672839506173,,,,30441052.0,459187.0,66.29,137.0,0.4423927267691012,0.463288377066424,151.0,51.75,62.115,53.0,0.9515766293398304,1.0520808178378813,1.0241545893719808
2022,62,Albuquerque,4872886,103599,47.04,0.0,26,48,187418.6923076923,3984.576923076923,,,,,,,,,,,,,,,,
2023,85,Albuquerque,8261222,156324,52.85,0.12,114,48,72466.85964912281,1371.2631578947369,,,,4872886.0,103599.0,47.04,26.0,0.6953448120887704,0.5089334839139374,,,,,,,
2024,75,Albuquerque,14446750,259726,55.62,0.05,158,49,91435.12658227848,1643.8354430379748,,,,8261222.0,156324.0,52.85,114.0,0.748742498385832,0.6614595327652824,,,,,,,
2025,73,Albuquerque-Santa Fe,14762446,247184,59.72,0.074,144,48,102516.98611111112,1716.5555555555557,,,,,,,,,,163.0,28.0,59.72,28.0,1.0271986131284263,1.0,1.0
2022,6,Atlanta,76176409,755776,100.79,0.0,268,7,284240.33208955225,2820.059701492537,,,,,,,,,,203.25,92.5,94.8725,92.0,1.2808473504193412,1.0623731850641651,0.9945945945945946
2023,11,Atlanta,170879598,2088706,81.81,-0.19,748,10,228448.66042780748,2792.3877005347595,,,,76176409.0,755776.0,100.79,268.0,1.2432088916136754,1.763657485815903,203.25,92.5,94.8725,92.0,1.2808473504193412,0.8623152125220691,0.9945945945945946
2024,8,Atlanta,282184056,2778151,101.57,0.24,974,7,289716.6899383984,2852.311088295688,,,,170879598.0,2088706.0,81.81,748.0,0.6513618904932115,0.3300823572106366,203.25,92.5,94.8725,92.0,1.2808473504193412,1.0705947455795937,0.9945945945945946
2025,9,Atlanta,245761461,2578327,95.32,-0.062,1042,7,235855.52879078692,2474.402111324376,97.0,28.88467741935484,84.0,282184056.0,2778151.0,101.57,974.0,-0.1290738942387305,-0.0719269758915192,203.25,92.5,94.8725,92.0,1.2808473504193412,1.004716856834172,0.9945945945945946
2022,36,Austin,13657813,242007,56.44,0.0,99,38,137957.70707070708,2444.5151515151515,,,,,,,,,,174.5,76.25,93.24,83.0,1.0996696809258306,0.6053196053196054,1.0885245901639344
2023,22,Austin,91534306,785333,116.55,1.07,199,39,459971.38693467336,3946.396984924623,,,,13657813.0,242007.0,56.44,99.0,5.701973881177023,2.245083819889507,174.5,76.25,93.24,83.0,1.0996696809258306,1.25,1.0885245901639344
2024,23,Austin,105878671,1098719,96.37,-0.17,271,35,390696.20295202953,4054.3136531365312,,,,91534306.0,785333.0,116.55,199.0,0.1567102611779238,0.3990485564722226,174.5,76.25,93.24,83.0,1.0996696809258306,1.0335692835692836,1.0885245901639344
2025,18,Austin,138160326,1333626,103.6,0.075,325,34,425108.6953846154,4103.464615384615,,,,105878671.0,1098719.0,96.37,271.0,0.3048928995340336,0.2138007989303907,174.5,76.25,93.24,83.0,1.0996696809258306,1.1111111111111112,1.0885245901639344
2022,86,Bakersfield,2236762,35150,63.63,0.0,11,125,203342.0,3195.454545454545,,,,,,,,,,86.25,13.0,70.1575,8.0,0.5435330084805323,0.9069593414816663,0.6153846153846154
2023,97,Bakersfield,6738941,116620,57.79,-0.09,48,126,140394.60416666666,2429.583333333333,,,,2236762.0,35150.0,63.63,11.0,2.0128109293702234,2.3177809388335704,86.25,13.0,70.1575,8.0,0.5435330084805323,0.8237180629298364,0.6153846153846154
2024,76,Bakersfield,13999063,168268,83.2,0.44,52,123,269212.75,3235.923076923077,,,,6738941.0,116620.0,57.79,48.0,1.0773387094500455,0.4428742925741724,86.25,13.0,70.1575,8.0,0.5435330084805323,1.185903146491822,0.6153846153846154
2025,93,Bakersfield,8646804,113766,76.01,-0.086,50,125,172936.08,2275.32,,,,13999063.0,168268.0,83.2,52.0,-0.3823298030732486,-0.3238999690969169,86.25,13.0,70.1575,8.0,0.5435330084805323,1.0834194490966755,0.6153846153846154
2022,70,Baltimore,3653571,49278,74.14,0.0,24,28,152232.125,2053.25,,,,,,,,,,183.25,57.25,87.7975,68.0,1.1548107107716816,0.8444431789060053,1.1877729257641922
2023,36,Baltimore,42647125,504975,84.45,0.14,104,26,410068.5096153846,4855.528846153846,,,,3653571.0,49278.0,74.14,24.0,10.672723754376198,9.247473517594058,183.25,57.25,87.7975,68.0,1.1548107107716816,0.9618724906745637,1.1877729257641922
2024,36,Baltimore,51884309,509133,101.91,0.21,126,28,411780.2301587302,4040.738095238096,,,,42647125.0,504975.0,84.45,104.0,0.2165957025239098,0.0082340709936135,183.25,57.25,87.7975,68.0,1.1548107107716816,1.1607392010023063,1.1877729257641922
2025,33,Baltimore,69349259,764690,90.69,-0.11,162,29,428081.8456790124,4720.308641975309,,,,51884309.0,509133.0,101.91,126.0,0.3366133294750055,0.5019454641518031,183.25,57.25,87.7975,68.0,1.1548107107716816,1.0329451294171246,1.1877729257641922
2022,96,Bangor,1618834,23983,67.5,0.0,3,155,539611.3333333334,7994.333333333333,,,,,,,,,,55.5,7.0,76.15,9.0,0.34975167502225557,0.8864084044648719,1.2857142857142858
2025,92,Bangor,8655072,102062,84.8,0.185,12,156,721256.0,8505.166666666666,,,,1618834.0,23983.0,67.5,3.0,4.346485186251339,3.255597715048159,55.5,7.0,76.15,9.0,0.34975167502225557,1.1135915955351279,1.2857142857142858
2022,91,Baton Rouge,2002858,29995,66.77,0.0,13,94,154066.0,2307.3076923076924,,,,,,,,,,,,,,,,
2022,77,Bend,3155285,43681,72.23,0.0,10,184,315528.5,4368.1,,,,,,,,,,,,,,,,
2022,90,Billings-Hardin,2087669,39666,52.63,0.0,42,167,49706.40476190476,944.4285714285714,,,,,,,,,,,,,,,,
2025,95,Biloxi-Gulfport,8017556,99475,80.6,-0.064,43,158,186454.7906976744,2313.372093023256,,,,,,,,,,53.0,6.0,80.6,6.0,0.3339970950662981,1.0,1.0
2023,91,Biloxi-Gulfport-Pascagoula,7501476,102729,73.02,-0.05,55,160,136390.47272727272,1867.8,,,,,,,,,,,,,,,,
2024,100,Biloxi-Gulfport-Pascagoula,6803300,79021,86.09,0.18,43,157,158216.27906976745,1837.6976744186047,,,,7501476.0,102729.0,73.02,55.0,-0.0930718167997871,-0.2307819603033223,,,,,,,
2022,49,Birmingham,6512182,79847,81.56,0.0,33,45,197338.84848484848,2419.6060606060605,,,,,,,,,,,,,,,,
2023,75,Birmingham,11798574,191671,61.56,-0.25,59,45,199975.83050847455,3248.6610169491523,,,,6512182.0,79847.0,81.56,33.0,0.8117696956258287,1.4004784149686276,,,,,,,
2024,47,Birmingham,33559557,439981,76.28,0.24,170,45,197409.1588235294,2588.1235294117646,,,,11798574.0,191671.0,61.56,59.0,1.8443739896024725,1.2955011451915,,,,,,,
2025,49,Birmingham (Anniston and Tuscaloosa),42987158,570585,75.34,-0.012,201,45,213866.4577114428,2838.731343283582,,,,,,,,,,166.0,52.0,75.34,52.0,1.0461041090755752,1.0,1.0
2022,80,Boise,2851884,54764,52.08,0.0,40,101,71297.1,1369.1,,,,,,,,,,110.25,39.25,60.5475,36.0,0.6947769760577238,0.8601511210206862,0.9171974522292994
2023,45,Boise,26877242,409406,65.65,0.26,287,106,93648.9268292683,1426.5017421602788,,,,2851884.0,54764.0,52.08,40.0,8.424381216066292,6.475823533708276,110.25,39.25,60.5475,36.0,0.6947769760577238,1.0842726784755772,0.9171974522292994
2024,57,Boise,24878598,387936,64.13,-0.02,266,98,93528.56390977444,1458.406015037594,,,,26877242.0,409406.0,65.65,287.0,-0.0743619453216218,-0.0524418303591056,110.25,39.25,60.5475,36.0,0.6947769760577238,1.059168421487262,0.9171974522292994
2025,65,Boise,19804628,328283,60.33,-0.059,258,98,76762.12403100776,1272.4147286821706,,,,24878598.0,387936.0,64.13,266.0,-0.2039491936000573,-0.1537702095190959,110.25,39.25,60.5475,36.0,0.6947769760577238,0.9964077790164747,0.9171974522292994
2022,22,Boston,29270754,455608,64.25,0.0,299,10,97895.4983277592,1523.772575250836,,,,,,,,,,,,,,,,
2023,6,Boston,241196035,3007936,80.19,0.25,1756,9,137355.37300683372,1712.9476082004555,,,,29270754.0,455608.0,64.25,299.0,7.240171571938324,5.602026303313375,,,,,,,
2024,5,Boston,346992352,3881422,89.4,0.11,1843,8,188275.8285404232,2106.0347259902333,,,,241196035.0,3007936.0,80.19,1756.0,0.4386320736988898,0.2903938115704589,,,,,,,
2025,4,Boston (Manchester),400876049,4408122,90.94,0.017,2333,9,171828.5679382769,1889.4650664380624,,,,,,,,,,202.0,97.0,90.94,97.0,1.2729700604413625,1.0,1.0
2022,37,Buffalo,12890110,188629,68.34,0.0,52,53,247886.7307692308,3627.480769230769,,,,,,,,,,157.5,50.5,71.955,59.0,0.9925385372253198,0.9497602668334376,1.1683168316831682
2023,53,Buffalo,21013004,279843,75.09,0.1,99,53,212252.56565656565,2826.696969696969,,,,12890110.0,188629.0,68.34,52.0,0.6301648317974013,0.483562972819662,157.5,50.5,71.955,59.0,0.9925385372253198,1.043568897227434,1.1683168316831682
2024,70,Buffalo,18052665,310481,58.14,-0.23,84,54,214912.67857142855,3696.2023809523807,,,,21013004.0,279843.0,75.09,99.0,-0.1408812847510998,0.1094828171510453,157.5,50.5,71.955,59.0,0.9925385372253198,0.8080050031269543,1.1683168316831682
2025,42,Buffalo,51506530,597194,86.25,0.483,119,54,432827.9831932773,5018.436974789916,,,,18052665.0,310481.0,58.14,84.0,1.853126117390424,0.923447811621323,157.5,50.5,71.955,59.0,0.9925385372253198,1.1986658328121742,1.1683168316831682
2022,72,Cedar Rapids-Waterloo,3446740,71868,47.96,0.0,64,92,53855.3125,1122.9375,,,,,,,,,,,,,,,,
2023,81,Cedar Rapids-Waterloo,9379715,189316,49.55,0.03,141,90,66522.80141843972,1342.6666666666667,,,,3446740.0,71868.0,47.96,64.0,1.7213294301281792,1.634218289085546,,,,,,,
2024,97,Cedar Rapids-Waterloo,7289165,134555,54.17,0.09,93,93,78378.1182795699,1446.8279569892472,,,,9379715.0,189316.0,49.55,141.0,-0.2228799062658086,-0.289257115088001,,,,,,,
2025,88,Cedar Rapids-Waterloo-Iowa City & Dubuque,8894574,165396,53.78,-0.007,91,94,97742.57142857143,1817.5384615384612,,,,,,,,,,117.0,13.0,53.78,13.0,0.737314341938809,1.0,1.0
2022,68,Charleston,3821017,58268,65.58,0.0,40,89,95525.425,1456.7,,,,,,,,,,,,,,,,
2023,48,Charleston,24682314,339947,72.61,0.11,184,94,134143.01086956522,1847.5380434782608,,,,3821017.0,58268.0,65.58,40.0,5.4596189967226,4.834197157959772,,,,,,,
2024,61,"Charleston, SC",23279066,344799,67.51,-0.07,201,88,115816.2487562189,1715.4179104477612,,,,,,,,,,124.5,36.0,65.185,32.0,0.7845780818066813,1.0356677149650995,0.8888888888888888
2025,69,"Charleston, SC",17085281,271803,62.86,-0.069,211,85,80972.89573459716,1288.1658767772512,,,,23279066.0,344799.0,67.51,201.0,-0.266066731371439,-0.2117059504232901,124.5,36.0,65.185,32.0,0.7845780818066813,0.9643322850349006,0.8888888888888888
2022,92,Charleston-Huntington,1892492,29505,64.14,0.0,11,75,172044.72727272726,2682.2727272727275,,,,,,,,,,134.5,11.25,62.3475,21.0,0.8475964016305112,1.0287501503668952,1.8666666666666667
2023,89,Charleston-Huntington,7652578,122872,62.28,-0.03,59,70,129704.71186440678,2082.576271186441,,,,1892492.0,29505.0,64.14,11.0,3.0436514394776832,3.164446703948484,134.5,11.25,62.3475,21.0,0.8475964016305112,0.9989173583543848,1.8666666666666667
2024,98,Charleston-Huntington,6809841,96220,70.77,0.14,42,79,162139.07142857142,2290.9523809523807,,,,7652578.0,122872.0,62.28,59.0,-0.1101245880799908,-0.2169086529070902,134.5,11.25,62.3475,21.0,0.8475964016305112,1.1350896186695536,1.8666666666666667
2025,80,Charleston-Huntington,11388299,218177,52.2,-0.262,71,82,160398.57746478874,3072.9154929577467,,,,6809841.0,96220.0,70.77,42.0,0.6723296476378817,1.267480773228019,134.5,11.25,62.3475,21.0,0.8475964016305112,0.8372428726091664,1.8666666666666667
2022,20,Charlotte,33760402,412841,81.78,0.0,129,22,261708.5426356589,3200.3178294573645,,,,,,,,,,189.5,80.25,87.0725,78.0,1.1941971606615753,0.9392173189009159,0.9719626168224299
2023,21,Charlotte,92862231,1041088,89.2,0.09,423,22,219532.4609929078,2461.2009456264777,,,,33760402.0,412841.0,81.78,129.0,1.7506257478806089,1.521765037871723,189.5,80.25,87.0725,78.0,1.1941971606615753,1.0244336616038359,0.9719626168224299
2024,19,Charlotte,140593778,1665715,84.4,-0.05,628,21,223875.44267515923,2652.4124203821657,,,,92862231.0,1041088.0,89.2,423.0,0.5140038795751094,0.599975218233233,189.5,80.25,87.0725,78.0,1.1941971606615753,0.9693071865399523,0.9719626168224299
2025,23,Charlotte,112986221,1216064,92.91,0.101,589,21,191827.20033955856,2064.6247877758915,,,,140593778.0,1665715.0,84.4,628.0,-0.1963640026801185,-0.2699447384456525,189.5,80.25,87.0725,78.0,1.1941971606615753,1.0670418329552958,0.9719626168224299
2024,94,Charlottesville,8681892,99618,87.15,0.67,12,177,723491.0,8301.5,,,,,,,,,,,,,,,,
2023,98,Chattanooga,6607820,102561,64.43,0.44,83,89,79612.2891566265,1235.6746987951808,,,,,,,,,,123.5,2.0,61.845,1.0,0.7782762498242984,1.0417980434958365,0.5
2025,100,Chattanooga,6010590,101433,59.26,-0.19,92,86,65332.5,1102.5326086956522,,,,6607820.0,102561.0,64.43,83.0,-0.0903823046027283,-0.0109983326995641,123.5,2.0,61.845,1.0,0.7782762498242984,0.9582019565041636,0.5
2022,5,Chicago,86042731,1068037,80.56,0.0,458,3,187866.2248908297,2331.958515283842,,,,,,,,,,208.0,96.5,89.16,96.0,1.3107810523356604,0.9035441902198296,0.9948186528497409
2023,4,Chicago,295681068,3291100,89.84,0.12,1207,3,244971.8873239437,2726.677713338857,,,,86042731.0,1068037.0,80.56,458.0,2.436444480126973,2.081447552846952,208.0,96.5,89.16,96.0,1.3107810523356604,1.0076267384477344,0.9948186528497409
2024,4,Chicago,367388152,4010328,91.61,0.02,1383,3,265645.80766449746,2899.7310195227765,,,,295681068.0,3291100.0,89.84,1207.0,0.2425149654830116,0.2185372671751086,208.0,96.5,89.16,96.0,1.3107810523356604,1.0274786899955137,0.9948186528497409
2025,5,Chicago,399947094,4226636,94.63,0.033,1620,3,246880.92222222223,2609.0345679012344,207.0,30.459756097560977,84.0,367388152.0,4010328.0,91.61,1383.0,0.0886227327222026,0.0539377327739776,208.0,96.5,89.16,96.0,1.3107810523356604,1.0613503813369223,0.9948186528497409
2022,38,Cincinnati,11488279,206293,55.69,0.0,87,36,132049.183908046,2371.183908045977,,,,,,,,,,174.75,59.75,65.965,61.0,1.1012451389214262,0.8442355794739634,1.0209205020920502
2023,47,Cincinnati,24865505,410073,60.64,0.09,183,36,135877.07650273223,2240.8360655737706,,,,11488279.0,206293.0,55.69,87.0,1.1644238445114363,0.9878182972762042,174.75,59.75,65.965,61.0,1.1012451389214262,0.9192753733040249,1.0209205020920502
2024,40,Cincinnati,42953265,624229,68.81,0.13,325,36,132163.8923076923,1920.7046153846156,,,,24865505.0,410073.0,60.64,183.0,0.7274237945298114,0.5222387233492574,174.75,59.75,65.965,61.0,1.1012451389214262,1.0431289320093988,1.0209205020920502
2025,40,Cincinnati,55648300,706877,78.72,0.144,278,37,200173.74100719424,2542.723021582734,,,,42953265.0,624229.0,68.81,325.0,0.2955545987016355,0.1324001287988863,174.75,59.75,65.965,61.0,1.1012451389214262,1.1933601152126128,1.0209205020920502
2022,31,Cleveland,17787957,253260,70.24,0.0,46,19,386694.7173913043,5505.652173913043,,,,,,,,,,,,,,,,
2023,32,Cleveland,45330757,676542,67.0,-0.05,193,19,234874.38860103628,3505.39896373057,,,,17787957.0,253260.0,70.24,46.0,1.548395917530046,1.6713338071547028,,,,,,,
2024,35,Cleveland,53784176,816970,65.83,-0.02,226,19,237983.0796460177,3614.9115044247783,,,,45330757.0,676542.0,67.0,193.0,0.186483075938926,0.2075673055035756,,,,,,,
2025,31,Cleveland-Akron (Canton),83551320,856169,97.59,0.482,196,19,426282.2448979592,4368.209183673469,,,,,,,,,,192.0,70.0,97.59,70.0,1.2099517406175326,1.0,1.0
2022,79,Columbia,2869085,52143,55.02,0.0,17,76,168769.70588235295,3067.235294117647,,,,,,,,,,,,,,,,
2023,69,Columbia,14758107,186859,78.98,0.44,47,77,314002.27659574465,3975.723404255319,,,,2869085.0,52143.0,55.02,17.0,4.143837495229315,2.583587442226185,,,,,,,
2024,90,Columbia,9998824,115380,86.66,0.1,37,76,270238.4864864865,3118.3783783783783,,,,14758107.0,186859.0,78.98,47.0,-0.3224860071823574,-0.3825290727232833,,,,,,,
2025,96,"Columbia, SC",7597706,131695,57.69,-0.334,44,76,172675.13636363635,2993.068181818182,,,,,,,,,,135.0,5.0,57.69,5.0,0.8507473176217026,1.0,1.0
2022,40,Columbus,9263107,131454,70.47,0.0,84,33,110275.08333333331,1564.928571428571,,,,,,,,,,,,,,,,
2023,44,Columbus,27644508,371655,74.38,0.06,252,32,109700.42857142857,1474.821428571429,,,,9263107.0,131454.0,70.47,84.0,1.9843666925147248,1.8272627687251812,,,,,,,
2024,27,"Columbus, OH",86664972,855423,101.31,0.36,379,32,228667.4722955145,2257.052770448549,,,,,,,,,,177.5,66.0,86.5,58.0,1.1185751768729795,1.17121387283237,0.8787878787878788
2025,43,"Columbus, OH",47738285,665917,71.69,-0.292,467,35,102223.30835117774,1425.9464668094215,,,,86664972.0,855423.0,101.31,379.0,-0.4491628636307642,-0.2215348429958044,177.5,66.0,86.5,58.0,1.1185751768729795,0.82878612716763,0.8787878787878788
2023,87,Columbus-Tupelo,7843650,191852,40.88,-0.09,93,133,84340.32258064517,2062.924731182796,,,,,,,,,,,,,,,,
2022,98,Corpus Christi,1541542,40343,38.21,0.0,17,130,90678.9411764706,2373.1176470588234,,,,,,,,,,,,,,,,
2022,7,Dallas-Ft. Worth,60905142,683363,89.13,0.0,134,5,454515.98507462686,5099.723880597015,,,,,,,,,,206.25,92.25,92.705,91.0,1.2997528463664902,0.9614368157057332,0.986449864498645
2023,8,Dallas-Ft. Worth,206799956,2252572,91.81,0.03,394,5,524872.9847715736,5717.187817258883,,,,60905142.0,683363.0,89.13,134.0,2.395443294426602,2.296303721448191,206.25,92.25,92.705,91.0,1.2997528463664902,0.9903457202955612,0.986449864498645
2024,10,Dallas-Ft. Worth,259607807,2755018,94.23,0.03,468,5,554717.5363247864,5886.790598290599,,,,206799956.0,2252572.0,91.81,394.0,0.2553571674841168,0.223054357418986,206.25,92.25,92.705,91.0,1.2997528463664902,1.016450029663988,0.986449864498645
2025,10,Dallas-Ft. Worth,242219020,2532466,95.65,0.015,461,4,525420.8676789588,5493.418655097614,,,,259607807.0,2755018.0,94.23,468.0,-0.0669809864385164,-0.0807805974407426,206.25,92.25,92.705,91.0,1.2997528463664902,1.0317674343347176,0.986449864498645
2022,88,Davenport-Rock Island,2175938,36059,60.34,0.0,10,103,217593.8,3605.9,,,,,,,,,,,,,,,,
2023,99,Davenport-Rock Island,6377075,124490,51.23,-0.15,37,101,172353.37837837837,3364.5945945945946,,,,2175938.0,36059.0,60.34,10.0,1.930724588660155,2.452397459718794,,,,,,,
2022,84,Dayton,2466633,35854,68.8,0.0,9,65,274070.3333333333,3983.777777777778,,,,,,,,,,,,,,,,
2023,86,Dayton,8088168,146297,55.29,-0.2,71,64,113917.85915492958,2060.521126760563,,,,2466633.0,35854.0,68.8,9.0,2.279031781379719,3.080353656495788,,,,,,,
2024,74,Dayton,14682663,236937,61.97,0.12,100,64,146826.63,2369.37,,,,8088168.0,146297.0,55.29,71.0,0.8153261653318773,0.6195615767924154,,,,,,,
2022,8,Denver,56340791,706176,79.78,0.0,152,16,370663.0986842105,4645.894736842105,,,,,,,,,,194.5,87.5,86.4,89.0,1.2257063205734902,0.9233796296296296,1.0171428571428571
2023,16,Denver,134568071,1569758,85.73,0.07,412,17,326621.53155339806,3810.0922330097087,,,,56340791.0,706176.0,79.78,152.0,1.3884661292739038,1.2228991073046944,194.5,87.5,86.4,89.0,1.2257063205734902,0.9922453703703703,1.0171428571428571
2024,18,Denver,152814674,1691713,90.33,0.05,457,16,334386.5951859956,3701.7789934354487,,,,134568071.0,1569758.0,85.73,412.0,0.1355938512338488,0.0776903191447344,194.5,87.5,86.4,89.0,1.2257063205734902,1.0454861111111111,1.0171428571428571
2025,12,Denver,218395048,2433003,89.76,-0.006,600,17,363991.7466666666,4055.005,,,,152814674.0,1691713.0,90.33,457.0,0.4291497163420315,0.4381889835923707,194.5,87.5,86.4,89.0,1.2257063205734902,1.038888888888889,1.0171428571428571
2023,77,Des Moines,11421996,146384,78.03,0.54,47,69,243021.1914893617,3114.553191489362,,,,,,,,,,,,,,,,
2024,67,Des Moines,21110348,306823,68.8,-0.12,137,68,154090.13138686132,2239.5839416058398,,,,11421996.0,146384.0,78.03,47.0,0.8482188226996403,1.0960145917586623,,,,,,,
2025,44,Des Moines-Ames,47606444,527294,90.28,0.312,163,67,292064.0736196319,3234.9325153374234,,,,,,,,,,144.0,57.0,90.28,57.0,0.9074638054631495,1.0,1.0
2022,13,Detroit,41720069,574252,72.65,0.0,86,15,485117.0813953488,6677.348837209303,,,,,,,,,,197.0,87.25,80.11500000000001,86.0,1.2414609005294477,0.9068214441739998,0.9856733524355301
2023,14,Detroit,164665824,2140552,76.93,0.06,430,13,382943.77674418606,4978.027906976744,,,,41720069.0,574252.0,72.65,86.0,2.946921180787117,2.727548184420777,197.0,87.25,80.11500000000001,86.0,1.2414609005294477,0.9602446483180428,0.9856733524355301
2024,13,Detroit,208376320,2485735,83.83,0.09,548,14,380248.7591240876,4536.012773722628,,,,164665824.0,2140552.0,76.93,430.0,0.2654497146900378,0.1612588715434149,197.0,87.25,80.11500000000001,86.0,1.2414609005294477,1.0463708419147475,0.9856733524355301
2025,15,Detroit,176278287,2025112,87.05,0.038,447,14,394358.58389261743,4530.451901565995,,,,208376320.0,2485735.0,83.83,548.0,-0.1540387746553927,-0.1853065592269489,197.0,87.25,80.11500000000001,86.0,1.2414609005294477,1.0865630655932097,0.9856733524355301
2022,60,El Paso,5164849,62329,82.86,0.0,12,93,430404.0833333333,5194.083333333333,,,,,,,,,,,,,,,,
2023,71,El Paso,13699845,175681,77.98,-0.06,122,92,112293.81147540984,1440.0081967213114,,,,5164849.0,62329.0,82.86,12.0,1.652516075494172,1.818607710696465,,,,,,,
2024,54,El Paso,26324528,239110,110.09,0.41,96,91,274213.8333333333,2490.7291666666665,,,,13699845.0,175681.0,77.98,122.0,0.9215201339869176,0.3610464421309076,,,,,,,
2025,76,El Paso (Las Cruces),13168255,138777,94.89,-0.138,78,89,168823.78205128206,1779.1923076923076,,,,,,,,,,122.0,25.0,94.89,25.0,0.7688235018507239,1.0,1.0
2022,100,Eugene,1445285,31594,45.75,0.0,10,113,144528.5,3159.4,,,,,,,,,,,,,,,,
2022,83,Evansville,2513661,41247,60.94,0.0,17,106,147862.41176470587,2426.294117647059,,,,,,,,,,103.66666666666669,15.333333333333334,50.47666666666667,15.0,0.653289915507036,1.2072904972594598,0.9782608695652174
2024,88,Evansville,10734837,198522,54.07,-0.13,91,107,117965.24175824175,2181.56043956044,,,,2513661.0,41247.0,60.94,17.0,3.2705985413307523,3.8130045821514296,103.66666666666669,15.333333333333334,50.47666666666667,15.0,0.653289915507036,1.071188007660305,0.9782608695652174
2025,86,Evansville,10066274,276420,36.42,-0.327,121,109,83192.34710743802,2284.462809917356,,,,10734837.0,198522.0,54.07,91.0,-0.0622797532929471,0.39238976032883,103.66666666666669,15.333333333333334,50.47666666666667,15.0,0.653289915507036,0.7215214950802351,0.9782608695652174
2022,67,Fargo,4231594,61685,68.6,0.0,12,114,352632.8333333333,5140.416666666667,,,,,,,,,,,,,,,,
2023,95,Fargo,7046771,80566,87.47,0.28,17,116,414515.9411764706,4739.176470588235,,,,4231594.0,61685.0,68.6,12.0,0.6652757802378961,0.3060873794277376,,,,,,,
2024,77,Fargo,13929945,144015,96.73,0.11,29,113,480342.9310344828,4966.0344827586205,,,,7046771.0,80566.0,87.47,17.0,0.9767841185700514,0.7875406499019437,,,,,,,
2025,58,Fort Myers-Naples,24635794,334051,73.75,0.01,207,53,119013.49758454108,1613.7729468599034,,,,,,,,,,158.0,43.0,73.75,43.0,0.9956894532165113,1.0,1.0
2025,79,Fort Smith-Fayetteville-Springdale-Rogers,11937228,200691,59.48,0.011,41,96,291151.9024390244,4894.90243902439,,,,,,,,,,115.0,22.0,59.48,22.0,0.724710677974043,1.0,1.0
2025,94,Fort Wayne,8043679,157174,51.18,-0.046,142,110,56645.62676056338,1106.8591549295777,,,,,,,,,,101.0,7.0,51.18,7.0,0.6364850302206813,1.0,1.0
2022,55,Fresno-Visalia,5541401,73126,75.78,0.0,15,55,369426.7333333333,4875.066666666667,,,,,,,,,,156.75,40.25,83.8075,44.0,0.9878121632385326,0.9042150165557975,1.093167701863354
2023,66,Fresno-Visalia,15728079,205036,76.71,0.01,53,54,296756.2075471698,3868.603773584906,,,,5541401.0,73126.0,75.78,15.0,1.83828566097274,1.8038727675518968,156.75,40.25,83.8075,44.0,0.9878121632385326,0.91531187542881,1.093167701863354
2024,65,Fresno-Visalia,21622213,229407,94.25,0.23,54,53,400411.3518518519,4248.277777777777,,,,15728079.0,205036.0,76.71,53.0,0.3747523139984228,0.1188620534930451,156.75,40.25,83.8075,44.0,0.9878121632385326,1.1246010201950898,1.093167701863354
2025,57,Fresno-Visalia,27580863,311687,88.49,-0.061,73,55,377820.0410958904,4269.684931506849,,,,21622213.0,229407.0,94.25,54.0,0.2755800250418401,0.3586638594288753,156.75,40.25,83.8075,44.0,0.9878121632385326,1.0558720878203023,1.093167701863354
2022,50,Ft. Myers-Naples,6418101,99053,64.79,0.0,44,54,145865.93181818182,2251.204545454545,,,,,,,,,,,,,,,,
2023,61,Ft. Myers-Naples,18251641,238816,76.43,0.18,154,61,118517.14935064936,1550.753246753247,,,,6418101.0,99053.0,64.79,44.0,1.843775908169722,1.4109920951409851,,,,,,,
2024,60,Ft. Myers-Naples,23312109,319374,72.99,-0.04,168,55,138762.55357142858,1901.0357142857144,,,,18251641.0,238816.0,76.43,154.0,0.2772609871079536,0.3373224574567868,,,,,,,
2022,53,Ft. Smith,6155586,118911,51.77,0.0,19,95,323978.2105263158,6258.473684210527,,,,,,,,,,,,,,,,
2023,83,Ft. Smith,8446241,147408,57.3,0.11,30,99,281541.36666666664,4913.6,,,,6155586.0,118911.0,51.77,19.0,0.3721262281121569,0.2396498221358831,,,,,,,
2024,81,Ft. Smith,12541477,213097,58.85,0.03,37,97,338958.8378378378,5759.378378378378,,,,8446241.0,147408.0,57.3,30.0,0.4848590041416056,0.445627103006621,,,,,,,
2022,87,Ft. Wayne,2224545,51702,43.03,0.0,88,111,25278.920454545456,587.5227272727273,,,,,,,,,,,,,,,,
2023,94,Ft. Wayne,7068200,160743,43.97,0.02,142,110,49776.05633802817,1131.9929577464789,,,,2224545.0,51702.0,43.03,88.0,2.1773688552040977,2.109028664268307,,,,,,,
2024,82,Ft. Wayne,11758895,219241,53.63,0.22,138,108,85209.38405797101,1588.7028985507247,,,,7068200.0,160743.0,43.97,142.0,0.6636335983701649,0.3639225347293506,,,,,,,
2022,61,Grand Rapids-Kalamazoo,4944432,94903,52.1,0.0,77,41,64213.4025974026,1232.5064935064936,,,,,,,,,,,,,,,,
2023,59,Grand Rapids-Kalamazoo,18729510,381644,49.08,-0.06,325,44,57629.26153846154,1174.2892307692307,,,,4944432.0,94903.0,52.1,77.0,2.7880003203603567,3.0214113357849595,,,,,,,
2024,41,Grand Rapids-Kalamazoo,40342466,685437,58.86,0.2,440,42,91687.42272727271,1557.8113636363637,,,,18729510.0,381644.0,49.08,325.0,1.1539520254400677,0.7960114661831446,,,,,,,
2025,52,Grand Rapids-Kalamazoo-Battle Creek,36357174,606248,59.97,0.019,409,43,88892.84596577018,1482.2689486552567,,,,,,,,,,168.0,49.0,59.97,49.0,1.0587077730403411,1.0,1.0
2023,68,Green Bay-Appleton,15157286,174304,86.96,0.72,66,68,229655.84848484848,2640.969696969697,,,,,,,,,,142.66666666666666,34.0,78.42333333333333,39.0,0.8990613628199722,1.1088536574998937,1.1470588235294117
2024,71,Green Bay-Appleton,16694888,219459,76.07,-0.13,110,69,151771.70909090908,1995.081818181818,,,,15157286.0,174304.0,86.96,66.0,0.1014430947598401,0.2590588856251148,142.66666666666666,34.0,78.42333333333333,39.0,0.8990613628199722,0.9699919241722276,1.1470588235294117
2025,62,Green Bay-Appleton,22145037,306558,72.24,-0.05,153,68,144738.8039215686,2003.6470588235293,,,,16694888.0,219459.0,76.07,110.0,0.3264561583162462,0.3968805107104287,142.66666666666666,34.0,78.42333333333333,39.0,0.8990613628199722,0.9211544183278786,1.1470588235294117
2025,36,Greensboro-High Point-Winston-Salem,60012194,881500,68.08,-0.075,304,46,197408.53289473685,2899.6710526315787,,,,,,,,,,165.0,65.0,68.08,65.0,1.0398022770931923,1.0,1.0
2022,89,Greensboro-Winston Salem,2119884,44077,48.1,0.0,44,47,48179.181818181816,1001.75,,,,,,,,,,,,,,,,
2023,40,Greensboro-Winston Salem,32015006,378757,84.53,0.76,190,46,168500.03157894738,1993.457894736842,,,,2119884.0,44077.0,48.1,44.0,14.10224427374328,7.593075753794496,,,,,,,
2024,39,Greensboro-Winston Salem,43137508,586331,73.57,-0.13,274,47,157436.16058394162,2139.894160583942,,,,32015006.0,378757.0,84.53,190.0,0.3474152714511438,0.548040036223753,,,,,,,
2022,42,Greenville-Spartanburg,8411611,160772,52.32,0.0,118,35,71284.83898305085,1362.4745762711864,,,,,,,,,,,,,,,,
2023,39,Greenville-Spartanburg,36390876,509173,71.47,0.37,312,37,116637.42307692308,1631.9647435897436,,,,8411611.0,160772.0,52.32,118.0,3.326267108643041,2.167050232627572,,,,,,,
2024,48,Greenville-Spartanburg,33147576,442383,74.93,0.05,192,37,172643.625,2304.078125,,,,36390876.0,509173.0,71.47,312.0,-0.0891239881117453,-0.1311734911316978,,,,,,,
2025,41,Greenville-Spartanburg-Asheville-Anderson,54769300,822100,66.62,-0.111,282,36,194217.3758865248,2915.248226950355,,,,,,,,,,175.0,60.0,66.62,60.0,1.102820596917022,1.0,1.0
2025,67,Harlingen-Weslaco-Brownsville-McAllen,18632463,184805,100.82,0.038,57,80,326885.3157894737,3242.1929824561403,,,,,,,,,,131.0,34.0,100.82,34.0,0.8255399896921708,1.0,1.0
2025,47,Harrisburg-Lancaster-Lebanon-York,44104498,443128,99.53,0.353,76,42,580322.3421052631,5830.631578947368,,,,,,,,,,169.0,54.0,99.53,54.0,1.065009605022724,1.0,1.0
2023,65,Harrisburg-York-Lancaster,16326195,219215,74.48,-0.02,42,43,388718.9285714286,5219.4047619047615,,,,,,,,,,,,,,,,
2024,69,Harrisburg-York-Lancaster,19728654,268287,73.54,-0.01,56,43,352297.39285714284,4790.839285714285,,,,16326195.0,219215.0,74.48,42.0,0.2084048977731798,0.2238532947106721,,,,,,,
2022,35,Harrisburg/York/Lancaster,16536639,217991,75.86,0.0,24,42,689026.625,9082.958333333334,,,,,,,,,,,,,,,,
2022,21,Hartford-New Haven,30181334,415813,72.58,0.0,184,32,164028.98913043478,2259.853260869565,,,,,,,,,,179.0,72.25,71.32,69.0,1.128027924846554,1.0176668536174986,0.9550173010380623
2023,29,Hartford-New Haven,50548189,800312,63.16,-0.13,327,30,154581.61773700305,2447.437308868501,,,,30181334.0,415813.0,72.58,184.0,0.6748162622632916,0.9246921091933152,179.0,72.25,71.32,69.0,1.128027924846554,0.8855860908581044,0.9550173010380623
2024,33,Hartford-New Haven,57343763,812808,70.55,0.12,293,34,195712.50170648465,2774.0887372013653,,,,50548189.0,800312.0,63.16,327.0,0.1344375364268737,0.0156139105748758,179.0,72.25,71.32,69.0,1.128027924846554,0.9892035894559731,0.9550173010380623
2025,32,Hartford-New Haven,81690796,1034251,78.99,0.12,310,32,263518.69677419355,3336.293548387097,,,,57343763.0,812808.0,70.55,293.0,0.4245803157354706,0.2724419543114733,179.0,72.25,71.32,69.0,1.128027924846554,1.107543466068424,0.9550173010380623
2025,97,Honolulu,6928804,65205,106.26,0.258,25,69,277152.16,2608.2,,,,,,,,,,142.0,4.0,106.26,4.0,0.8948601414983836,1.0,1.0
2022,10,Houston,45734158,546409,83.7,0.0,141,8,324355.7304964539,3875.241134751773,,,,,,,,,,204.0,85.25,96.5025,80.0,1.2855737244061285,0.8673350431335977,0.9384164222873901
2023,15,Houston,138209762,1374414,100.56,0.2,439,8,314828.6150341686,3130.7835990888384,,,,45734158.0,546409.0,83.7,141.0,2.0220248506597627,1.5153575435250883,204.0,85.25,96.5025,80.0,1.2855737244061285,1.042045542861584,0.9384164222873901
2024,17,Houston,170669310,1631831,104.59,0.04,477,6,357797.2955974843,3421.029350104822,,,,138209762.0,1374414.0,100.56,439.0,0.2348571297011568,0.1872921841599402,204.0,85.25,96.5025,80.0,1.2855737244061285,1.0838061190124608,0.9384164222873901
2025,21,Houston,135643052,1396139,97.16,-0.071,392,6,346028.193877551,3561.579081632653,,,,170669310.0,1631831.0,104.59,477.0,-0.2052288018273467,-0.1444340743618671,204.0,85.25,96.5025,80.0,1.2855737244061285,1.0068132949923576,0.9384164222873901
2023,74,Huntsville-Decatur,11888542,162728,73.06,0.37,45,79,264189.8222222222,3616.177777777778,,,,,,,,,,,,,,,,
2024,78,Huntsville-Decatur,13630962,211471,64.46,-0.12,58,81,235016.58620689652,3646.051724137931,,,,11888542.0,162728.0,73.06,45.0,0.1465629679400553,0.2995366501155301,,,,,,,
2025,74,Huntsville-Decatur (Florence),14363505,224753,63.91,-0.009,67,75,214380.67164179104,3354.5223880597014,,,,,,,,,,136.0,27.0,63.91,27.0,0.8570491496040856,1.0,1.0
2022,23,Indianapolis,28963699,543537,53.29,0.0,109,25,265722.00917431194,4986.577981651376,,,,,,,,,,185.5,77.75,64.0275,81.0,1.1689898327320434,0.8322986216859942,1.0418006430868167
2023,26,Indianapolis,68745421,1094711,62.8,0.18,383,27,179491.96083550915,2858.253263707572,,,,28963699.0,543537.0,53.29,109.0,1.373502811225873,1.0140505614153223,185.5,77.75,64.0275,81.0,1.1689898327320434,0.980828550232322,1.0418006430868167
2024,24,Indianapolis,100588792,1542099,65.23,0.04,355,25,283348.70985915494,4343.940845070422,,,,68745421.0,1094711.0,62.8,383.0,0.4632071567355738,0.4086813780075289,185.5,77.75,64.0275,81.0,1.1689898327320434,1.018780992542267,1.0418006430868167
2025,20,Indianapolis,136124403,1820103,74.79,0.147,421,25,323335.87410926365,4323.285035629454,,,,100588792.0,1542099.0,65.23,355.0,0.3532760488862416,0.1802763635797701,185.5,77.75,64.0275,81.0,1.1689898327320434,1.1680918355394168,1.0418006430868167
2022,26,Jacksonville,22566159,356784,63.25,0.0,174,43,129690.56896551725,2050.4827586206898,,,,,,,,,,168.0,67.25,71.71,66.0,1.0587077730403411,0.88202482220053,0.9814126394052045
2023,37,Jacksonville,42568649,634134,67.13,0.06,302,47,140955.79139072847,2099.781456953642,,,,22566159.0,356784.0,63.25,174.0,0.8863932049756451,0.7773610924256693,168.0,67.25,71.71,66.0,1.0587077730403411,0.9361316413331474,0.9814126394052045
2024,37,Jacksonville,49296512,671108,73.46,0.09,284,41,173579.2676056338,2363.056338028169,,,,42568649.0,634134.0,67.13,302.0,0.1580473695559376,0.0583062885762315,168.0,67.25,71.71,66.0,1.0587077730403411,1.0244038488355878,0.9814126394052045
2025,35,Jacksonville,65049151,783737,83.0,0.13,405,41,160615.187654321,1935.153086419753,,,,49296512.0,671108.0,73.46,284.0,0.3195487542810331,0.1678254468729325,168.0,67.25,71.71,66.0,1.0587077730403411,1.157439687630735,0.9814126394052045
2024,99,Johnstown-Altoona,6803328,100926,67.41,0.78,37,109,183873.72972972973,2727.7297297297296,,,,,,,,,,,,,,,,
2025,75,Johnstown-Altoona-State College,13560484,146116,92.81,0.377,17,112,797675.5294117647,8595.058823529413,,,,,,,,,,99.0,26.0,92.81,26.0,0.6238813662559153,1.0,1.0
2022,52,Kansas City,6394026,118275,54.06,0.0,32,34,199813.3125,3696.09375,,,,,,,,,,177.75,62.25,79.75,62.0,1.1201506348685752,0.6778683385579938,0.9959839357429718
2023,30,Kansas City,48724315,521893,93.36,0.73,104,33,468503.0288461539,5018.201923076923,,,,6394026.0,118275.0,54.06,32.0,6.620287280658539,3.412538575354048,177.75,62.25,79.75,62.0,1.1201506348685752,1.1706583072100314,0.9959839357429718
2024,34,Kansas City,55966199,617884,90.58,-0.03,106,33,527983.0094339623,5829.094339622641,,,,48724315.0,521893.0,93.36,104.0,0.1486297755032575,0.1839285064179823,177.75,62.25,79.75,62.0,1.1201506348685752,1.1357993730407523,0.9959839357429718
2025,39,Kansas City,56526278,697833,81.0,-0.106,227,33,249014.44052863435,3074.1541850220265,,,,55966199.0,617884.0,90.58,106.0,0.0100074511045498,0.1293916010124878,177.75,62.25,79.75,62.0,1.1201506348685752,1.0156739811912225,0.9959839357429718
2022,97,Knoxville,1601067,30947,51.74,0.0,18,62,88948.16666666667,1719.2777777777778,,,,,,,,,,149.75,41.5,75.0875,46.0,0.9436993393618517,0.6890627601132012,1.108433734939759
2023,41,Knoxville,29518974,389997,75.69,0.46,149,62,198113.91946308725,2617.4295302013425,,,,1601067.0,30947.0,51.74,18.0,17.43706353325626,11.602093902478432,149.75,41.5,75.0875,46.0,0.9436993393618517,1.0080239720326285,1.108433734939759
2024,45,Knoxville,35969148,407703,88.22,0.17,124,61,290073.7741935484,3287.9274193548385,,,,29518974.0,389997.0,75.69,149.0,0.2185094238031444,0.0454003492334555,149.75,41.5,75.0875,46.0,0.9436993393618517,1.174895954719494,1.108433734939759
2025,55,Knoxville,33706693,397961,84.7,-0.04,150,60,224711.28666666665,2653.0733333333333,,,,35969148.0,407703.0,88.22,124.0,-0.0628998774171687,-0.023894845021989,149.75,41.5,75.0875,46.0,0.9436993393618517,1.1280173131346762,1.108433734939759
2023,82,Lansing,8529353,101247,84.24,1.31,64,113,133271.140625,1581.984375,,,,,,,,,,,,,,,,
2022,1,Las Vegas,197182030,1022793,192.79,0.0,292,40,675280.9246575342,3502.7157534246576,,,,,,,,,,171.0,99.0,181.155,99.0,1.07761326898749,1.064226767133118,1.0
2023,2,Las Vegas,518813927,3420314,151.69,-0.21,966,40,537074.4585921325,3540.697722567288,,,,197182030.0,1022793.0,192.79,292.0,1.631142031553281,2.344092108569378,171.0,99.0,181.155,99.0,1.07761326898749,0.8373492313212442,1.0
2024,3,Las Vegas,600017204,3410840,175.91,0.16,1034,40,580287.4313346228,3298.684719535783,,,,518813927.0,3420314.0,151.69,966.0,0.1565171495483004,-0.0027699211242008,171.0,99.0,181.155,99.0,1.07761326898749,0.9710468935442025,1.0
2025,2,Las Vegas,796930022,3902147,204.23,0.161,1132,40,704001.7862190813,3447.1263250883394,226.0,28.405273224043714,49.0,600017204.0,3410840.0,175.91,1034.0,0.3281786200250352,0.1440428164323157,171.0,99.0,181.155,99.0,1.07761326898749,1.1273771080014352,1.0
2022,75,Lexington,3352364,48534,69.07,0.0,25,63,134094.56,1941.36,,,,,,,,,,148.0,41.5,68.4975,48.0,0.9326711333926815,1.0083579692689513,1.1566265060240963
2023,58,Lexington,19341695,254656,75.95,0.1,78,63,247970.44871794872,3264.8205128205127,,,,3352364.0,48534.0,69.07,25.0,4.769568877365346,4.246960893394322,148.0,41.5,68.4975,48.0,0.9326711333926815,1.1087995912259572,1.1566265060240963
2024,52,Lexington,30541169,492087,62.06,-0.18,154,63,198319.2792207792,3195.37012987013,,,,19341695.0,254656.0,75.95,78.0,0.579032706285566,0.9323597323448104,148.0,41.5,68.4975,48.0,0.9326711333926815,0.906018467827293,1.1566265060240963
2025,53,Lexington,35984855,537848,66.91,0.078,194,63,185488.94329896907,2772.4123711340208,,,,30541169.0,492087.0,62.06,154.0,0.1782409180211799,0.0929937185904119,148.0,41.5,68.4975,48.0,0.9326711333926815,0.9768239716777983,1.1566265060240963
2022,73,Lincoln-Hastings-Kearney,3406325,58466,58.26,0.0,41,105,83081.09756097561,1426.0,,,,,,,,,,105.25,25.0,70.335,12.0,0.663267816145809,0.8283216037534656,0.48
2023,79,Lincoln-Hastings-Kearney,10345747,129990,79.59,0.37,72,105,143690.93055555556,1805.4166666666667,,,,3406325.0,58466.0,58.26,41.0,2.037216648440768,1.223343481681661,105.25,25.0,70.335,12.0,0.663267816145809,1.1315845596075924,0.48
2024,63,Lincoln-Hastings-Kearney,22082699,252947,87.3,0.1,96,106,230028.1145833333,2634.864583333333,,,,10345747.0,129990.0,79.59,72.0,1.1344711986481015,0.9458958381413956,105.25,25.0,70.335,12.0,0.663267816145809,1.2412028150991683,0.48
2025,89,Lincoln-Hastings-Kearney,8871701,157885,56.19,-0.356,101,107,87838.62376237624,1563.217821782178,,,,22082699.0,252947.0,87.3,96.0,-0.5982510561775081,-0.375817859077198,105.25,25.0,70.335,12.0,0.663267816145809,0.798891021539774,0.48
2022,81,Little Rock,2850907,61561,46.31,0.0,25,59,114036.28,2462.44,,,,,,,,,,,,,,,,
2023,43,Little Rock,27748330,330390,83.99,0.81,67,57,414154.1791044776,4931.194029850746,,,,2850907.0,61561.0,46.31,25.0,8.733158605314028,4.366871883172788,,,,,,,
2024,68,Little Rock,20278175,328250,61.78,-0.26,85,60,238566.76470588235,3861.764705882353,,,,27748330.0,330390.0,83.99,67.0,-0.2692109759398133,-0.0064771936196615,,,,,,,
2025,61,Little Rock-Pine Bluff,23753693,326783,72.69,0.177,81,58,293255.4691358025,4034.358024691358,,,,,,,,,,153.0,40.0,72.69,40.0,0.9641802933045964,1.0,1.0
2022,2,Los Angeles,154186341,1564484,98.55,0.0,199,2,774805.7336683417,7861.728643216081,,,,,,,,,,209.0,98.5,113.3725,98.0,1.3170828843180433,0.8692584180467045,0.9949238578680203
2023,3,Los Angeles,515075052,4458618,115.52,0.17,841,2,612455.4720570749,5301.567181926278,,,,154186341.0,1564484.0,98.55,199.0,2.340601045847505,1.849896834994797,209.0,98.5,113.3725,98.0,1.3170828843180433,1.0189419832851883,0.9949238578680203
2024,2,Los Angeles,718430010,5819641,123.45,0.07,1125,2,638604.4533333334,5173.014222222222,,,,515075052.0,4458618.0,115.52,841.0,0.3948064601661196,0.3052566961331964,209.0,98.5,113.3725,98.0,1.3170828843180433,1.0888883988621578,0.9949238578680203
2025,3,Los Angeles,547340096,4719798,115.97,-0.061,1146,2,477609.1588132635,4118.497382198952,183.0,34.53449438202247,118.0,718430010.0,5819641.0,123.45,1125.0,-0.2381441638274548,-0.1889881179955945,209.0,98.5,113.3725,98.0,1.3170828843180433,1.0229111998059495,0.9949238578680203
2022,43,Louisville,7998128,135533,59.01,0.0,37,49,216165.62162162163,3663.054054054054,,,,,,,,,,162.25,50.25,75.035,33.0,1.022472239141639,0.7864329979342973,0.6567164179104478
2023,46,Louisville,26113121,361788,72.18,0.22,81,49,322384.2098765432,4466.518518518518,,,,7998128.0,135533.0,59.01,37.0,2.2649041125623395,1.66937203485498,162.25,50.25,75.035,33.0,1.022472239141639,0.9619510894915707,0.6567164179104478
2024,46,Louisville,35453977,385041,92.08,0.28,85,48,417105.61176470586,4529.894117647059,,,,26113121.0,361788.0,72.18,81.0,0.3577073763032767,0.064272446847325,162.25,50.25,75.035,33.0,1.022472239141639,1.2271606583594323,0.6567164179104478
2025,68,Louisville,18504560,240729,76.87,-0.165,70,49,264350.8571428572,3438.9857142857145,,,,35453977.0,385041.0,92.08,85.0,-0.4780681445130965,-0.3747964502481554,162.25,50.25,75.035,33.0,1.022472239141639,1.0244552542146999,0.6567164179104478
2022,85,Lubbock,2359336,48237,48.91,0.0,14,145,168524.0,3445.5,,,,,,,,,,,,,,,,
2022,78,Madison,3148592,76893,40.95,0.0,78,81,40366.5641025641,985.8076923076924,,,,,,,,,,133.5,26.75,50.97,38.0,0.8412945696481282,0.8034137728075339,1.4205607476635513
2023,84,Madison,8444094,196184,43.04,0.05,235,80,35932.31489361702,834.8255319148936,,,,3148592.0,76893.0,40.95,78.0,1.6818635123255097,1.5513895933309922,133.5,26.75,50.97,38.0,0.8412945696481282,0.8444182852658426,1.4205607476635513
2024,72,Madison,16067192,290936,55.23,0.28,271,72,59288.531365313655,1073.5645756457563,,,,8444094.0,196184.0,43.04,235.0,0.9027727545429978,0.4829751661705337,133.5,26.75,50.97,38.0,0.8412945696481282,1.0835785756327252,1.4205607476635513
2025,63,Madison,21815670,337386,64.66,0.171,346,77,63051.06936416185,975.1040462427744,,,,16067192.0,290936.0,55.23,271.0,0.3577773888555013,0.1596571067176286,133.5,26.75,50.97,38.0,0.8412945696481282,1.2685893662938983,1.4205607476635513
2022,65,McAllen-Brownsville,4321953,41458,104.25,0.0,7,85,617421.8571428572,5922.571428571428,,,,,,,,,,,,,,,,
2023,51,McAllen-Brownsville,21551371,230005,93.7,-0.1,90,84,239459.67777777775,2555.6111111111118,,,,4321953.0,41458.0,104.25,7.0,3.986488978478016,4.547903902744947,,,,,,,
2024,55,McAllen-Brownsville,26061545,268359,97.11,0.04,82,83,317823.7195121951,3272.670731707317,,,,21551371.0,230005.0,93.7,90.0,0.2092755027046771,0.1667528966761591,,,,,,,
2022,54,Memphis,5828101,102262,56.99,0.0,42,51,138764.30952380953,2434.809523809524,,,,,,,,,,159.75,38.0,70.47,16.0,1.0067176591856815,0.8087129274868738,0.42105263157894735
2023,54,Memphis,20933642,268725,77.9,0.37,84,51,249210.02380952385,3199.1071428571427,,,,5828101.0,102262.0,56.99,42.0,2.5918461262081767,1.627808961295496,159.75,38.0,70.47,16.0,1.0067176591856815,1.1054349368525616,0.42105263157894735
2024,59,Memphis,24194448,323761,74.73,-0.04,111,52,217968.0,2916.765765765766,,,,20933642.0,268725.0,77.9,84.0,0.1557686904170807,0.2048041678295655,159.75,38.0,70.47,16.0,1.0067176591856815,1.0604512558535548,0.42105263157894735
2025,85,Memphis,10252562,141879,72.26,-0.033,57,51,179869.50877192983,2489.1052631578946,,,,24194448.0,323761.0,74.73,111.0,-0.5762431943063963,-0.5617785959395973,159.75,38.0,70.47,16.0,1.0067176591856815,1.0254008798070102,0.42105263157894735
2022,12,Miami,42252064,427700,98.79,0.0,70,18,603600.9142857143,6110.0,,,,,,,,,,,,,,,,
2023,7,Miami,207883962,1812116,114.72,0.16,399,16,521012.4360902256,4541.644110275689,,,,42252064.0,427700.0,98.79,70.0,3.920090104947299,3.236885667523965,,,,,,,
2024,9,Miami - Ft. Lauderdale,264924195,2294435,115.46,0.01,634,18,417861.5063091483,3618.9826498422713,,,,,,,,,,,,,,,,
2025,13,Miami-Ft. Lauderdale,203683629,1582794,128.69,0.115,606,18,336111.599009901,2611.871287128713,,,,,,,,,,193.0,88.0,128.69,88.0,1.2162535725999157,1.0,1.0
2022,34,Milwaukee,16538612,218204,75.79,0.0,29,37,570296.9655172414,7524.275862068966,,,,,,,,,,174.0,67.5,93.8875,63.0,1.096518764934639,0.8072427106909866,0.9333333333333333
2023,33,Milwaukee,44369211,529218,83.84,0.11,78,35,568836.0384615385,6784.846153846154,,,,16538612.0,218204.0,75.79,29.0,1.682765095402202,1.4253359241810415,174.0,67.5,93.8875,63.0,1.096518764934639,0.8929836240181068,0.9333333333333333
2024,29,Milwaukee,76095044,624159,121.92,0.45,96,38,792656.7083333334,6501.65625,,,,44369211.0,529218.0,83.84,78.0,0.7150416310084937,0.1793986599095269,174.0,67.5,93.8875,63.0,1.096518764934639,1.2985754227133537,0.9333333333333333
2025,38,Milwaukee,59372870,631602,94.0,-0.229,94,38,631626.2765957447,6719.170212765957,,,,76095044.0,624159.0,121.92,96.0,-0.2197537858050255,0.0119248460728755,174.0,67.5,93.8875,63.0,1.096518764934639,1.001198242577553,0.9333333333333333
2022,15,Minneapolis-St. Paul,39550678,440668,89.75,0.0,273,14,144874.27838827838,1614.1684981684982,,,,,,,,,,196.0,82.5,83.185,79.0,1.2351590685470646,1.078920478451644,0.9575757575757575
2023,17,Minneapolis-St. Paul,129671417,1964182,66.02,-0.26,974,15,133132.87166324435,2016.6139630390144,,,,39550678.0,440668.0,89.75,273.0,2.27861426294639,3.457283033939383,196.0,82.5,83.185,79.0,1.2351590685470646,0.7936527018092203,0.9575757575757575
2024,20,Minneapolis-St. Paul,137514647,1677225,81.99,0.24,1097,15,125355.19325433,1528.9197812215132,,,,129671417.0,1964182.0,66.02,974.0,0.060485419080444,-0.1460949138114492,196.0,82.5,83.185,79.0,1.2351590685470646,0.9856344292841257,0.9575757575757575
2025,22,Minneapolis-St. Paul,113992610,1200130,94.98,0.158,356,16,320203.9606741573,3371.1516853932585,,,,137514647.0,1677225.0,81.99,1097.0,-0.1710511390106684,-0.2844549777161681,196.0,82.5,83.185,79.0,1.2351590685470646,1.14179239045501,0.9575757575757575
2022,51,Missoula,6416049,123549,51.93,0.0,49,161,130939.77551020408,2521.408163265306,,,,,,,,,,49.0,24.5,57.7975,35.0,0.30878976713676615,0.8984817682425711,1.4285714285714286
2023,96,Missoula,6897306,175016,39.41,-0.24,131,164,52651.19083969466,1336.0,,,,6416049.0,123549.0,51.93,49.0,0.0750083111896433,0.4165715626998194,49.0,24.5,57.7975,35.0,0.30878976713676615,0.6818634023962974,1.4285714285714286
2024,93,Missoula,8956589,176663,50.7,0.29,93,162,96307.40860215054,1899.6021505376343,,,,6897306.0,175016.0,39.41,131.0,0.2985633811230066,0.0094105681766238,49.0,24.5,57.7975,35.0,0.30878976713676615,0.8772005709589515,1.4285714285714286
2025,66,Missoula,19239393,215812,89.15,0.758,102,161,188621.5,2115.803921568628,,,,8956589.0,176663.0,50.7,93.0,1.1480714365703282,0.2216027125091275,49.0,24.5,57.7975,35.0,0.30878976713676615,1.54245425840218,1.4285714285714286
2022,48,Mobile-Pensacola,6585009,110910,59.37,0.0,92,57,71576.18478260869,1205.5434782608695,,,,,,,,,,,,,,,,
2023,72,Mobile-Pensacola,12864838,172246,74.69,0.26,107,60,120232.1308411215,1609.7757009345794,,,,6585009.0,110910.0,59.37,92.0,0.9536553404862468,0.5530249752051213,,,,,,,
2024,86,Mobile-Pensacola,10839257,134941,80.33,0.08,54,58,200726.9814814815,2498.9074074074074,,,,12864838.0,172246.0,74.69,107.0,-0.1574509527442165,-0.2165797754374557,,,,,,,
2025,98,Mobile-Pensacola (Fort Walton Beach),6383494,93172,68.51,-0.147,55,57,116063.52727272728,1694.0363636363636,,,,,,,,,,154.0,3.0,68.51,3.0,0.9704821252869794,1.0,1.0
2022,9,Nashville,48115489,628295,76.58,0.0,383,29,125627.908616188,1640.4569190600523,,,,,,,,,,183.25,88.5,83.815,84.0,1.1548107107716816,0.9136789357513572,0.9491525423728814
2023,12,Nashville,168859507,2074789,81.39,0.06,896,29,188459.27120535716,2315.612723214286,,,,48115489.0,628295.0,76.58,383.0,2.509462555810251,2.3022529225920945,183.25,88.5,83.815,84.0,1.1548107107716816,0.9710672314024936,0.9491525423728814
2024,12,Nashville,227998795,2326642,97.99,0.2,501,27,455087.4151696607,4643.996007984032,,,,168859507.0,2074789.0,81.39,896.0,0.3502277665657285,0.1213872832369942,183.25,88.5,83.815,84.0,1.1548107107716816,1.1691224721111972,0.9491525423728814
2025,17,Nashville,146841864,1851805,79.3,-0.191,957,26,153439.77429467085,1935.010449320794,6.0,29.326666666666668,6.0,227998795.0,2326642.0,97.99,501.0,-0.3559533329989748,-0.2040868341584136,183.25,88.5,83.815,84.0,1.1548107107716816,0.946131360734952,0.9491525423728814
2022,44,New Orleans,7515608,96596,77.8,0.0,14,50,536829.1428571428,6899.714285714285,,,,,,,,,,161.0,43.0,95.6,29.0,1.0145949491636603,0.8138075313807531,0.6744186046511628
2023,60,New Orleans,18493262,212684,86.95,0.12,63,50,293543.84126984124,3375.936507936508,,,,7515608.0,96596.0,77.8,14.0,1.4606474951860182,1.2017888939500598,161.0,43.0,95.6,29.0,1.0145949491636603,0.9095188284518829,0.6744186046511628
2024,56,New Orleans,25988740,233725,111.19,0.28,52,50,499783.4615384616,4494.711538461538,,,,18493262.0,212684.0,86.95,63.0,0.4053085929350917,0.0989308081472983,161.0,43.0,95.6,29.0,1.0145949491636603,1.1630753138075314,0.6744186046511628
2025,72,New Orleans,15769554,148125,106.46,-0.043,48,50,328532.375,3085.9375,,,,25988740.0,233725.0,111.19,52.0,-0.393215908120209,-0.3662423788640496,161.0,43.0,95.6,29.0,1.0145949491636603,1.1135983263598326,0.6744186046511628
2022,3,New York,116254330,1402782,82.87,0.0,881,1,131957.2417707151,1592.261066969353,,,,,,,,,,210.0,99.5,100.7375,100.0,1.3233847163004264,0.8226330810274228,1.0050251256281406
2023,1,New York,796613879,7568956,105.25,0.27,3240,1,245868.4811728395,2336.0975308641973,,,,116254330.0,1402782.0,82.87,881.0,5.852337276383598,4.395675165492571,210.0,99.5,100.7375,100.0,1.3233847163004264,1.0447946395334409,1.0050251256281406
2024,1,New York,912581848,8581899,106.34,0.01,3142,1,290446.16422660724,2731.3491406747294,,,,796613879.0,7568956.0,105.25,3240.0,0.1455761342566315,0.1338286284132184,210.0,99.5,100.7375,100.0,1.3233847163004264,1.055614840550937,1.0050251256281406
2025,1,New York,1044059179,9623396,108.49,0.02,3723,1,280434.91243620735,2584.849852269675,406.0,49.04233250620348,108.0,912581848.0,8581899.0,106.34,3142.0,0.144071823571928,0.1213597363473981,210.0,99.5,100.7375,100.0,1.3233847163004264,1.0769574388881995,1.0050251256281406
2022,58,Norfolk-Portsmouth-Newport,5305442,114663,46.27,0.0,31,46,171143.29032258064,3698.806451612904,,,,,,,,,,,,,,,,
2023,67,Norfolk-Portsmouth-Newport,15700208,272284,57.66,0.25,140,42,112144.34285714284,1944.8857142857144,,,,5305442.0,114663.0,46.27,31.0,1.959264845417215,1.3746457008799702,,,,,,,
2024,73,Norfolk-Portsmouth-Newport,15680336,261121,60.05,0.04,57,44,275093.6140350877,4581.070175438596,,,,15700208.0,272284.0,57.66,140.0,-0.0012657157153587,-0.0409976348224647,,,,,,,
2025,56,Norfolk-Portsmouth-Newport News,29104266,429356,67.79,0.129,99,44,293982.48484848486,4336.929292929293,,,,,,,,,,167.0,45.0,67.79,45.0,1.052405941057958,1.0,1.0
2023,100,Odessa-Midland,6101409,112316,54.32,0.76,119,143,51272.34453781512,943.8319327731092,,,,,,,,,,,,,,,,
2022,59,Oklahoma City,5205592,107983,48.21,0.0,39,44,133476.71794871794,2768.794871794872,,,,,,,,,,166.5,49.75,69.4075,55.0,1.0492550250667667,0.6945935237546375,1.1055276381909547
2023,42,Oklahoma City,28256082,383781,73.63,0.53,85,41,332424.49411764706,4515.070588235294,,,,5205592.0,107983.0,48.21,39.0,4.428024708813138,2.554087217432373,166.5,49.75,69.4075,55.0,1.0492550250667667,1.0608363649461514,1.1055276381909547
2024,58,Oklahoma City,24550572,348062,70.54,-0.04,83,46,295790.0240963855,4193.518072289156,,,,28256082.0,383781.0,73.63,85.0,-0.1311402621212665,-0.0930713088975222,166.5,49.75,69.4075,55.0,1.0492550250667667,1.0163166804740122,1.1055276381909547
2025,46,Oklahoma City,44546820,522561,85.25,0.209,120,47,371223.5,4354.675,,,,24550572.0,348062.0,70.54,83.0,0.814492142993654,0.5013445880331664,166.5,49.75,69.4075,55.0,1.0492550250667667,1.228253430825199,1.1055276381909547
2022,33,Omaha,17125528,244214,70.13,0.0,179,72,95673.3407821229,1364.3240223463688,,,,,,,,,,138.0,65.25,70.08500000000001,64.0,0.8696528135688516,1.0006420774773488,0.9808429118773946
2023,31,Omaha,46079327,677068,68.06,-0.03,345,74,133563.26666666666,1962.5159420289856,,,,17125528.0,244214.0,70.13,179.0,1.6906806610575744,1.7724372886075326,138.0,65.25,70.08500000000001,64.0,0.8696528135688516,0.9711065135192979,0.9808429118773946
2024,42,Omaha,38145205,545805,69.89,0.03,325,73,117369.86153846154,1679.4,,,,46079327.0,677068.0,68.06,345.0,-0.1721839817669211,-0.1938697442502082,138.0,65.25,70.08500000000001,64.0,0.8696528135688516,0.9972176642648212,0.9808429118773946
2025,37,Omaha,59497937,823337,72.26,0.034,351,73,169509.792022792,2345.6894586894587,,,,38145205.0,545805.0,69.89,325.0,0.5597749966214627,0.5084819670028673,138.0,65.25,70.08500000000001,64.0,0.8696528135688516,1.0310337447385318,0.9808429118773946
2022,25,Orlando-Daytona Beach,23992393,299578,80.09,0.0,56,17,428435.5892857143,5349.607142857143,,,,,,,,,,,,,,,,
2023,18,Orlando-Daytona Beach,125388650,1309441,95.76,0.2,332,18,377676.656626506,3944.0993975903616,,,,23992393.0,299578.0,80.09,56.0,4.226183565766033,3.370951805539793,,,,,,,
2024,25,Orlando-Daytona Beach,100480605,1132536,88.72,-0.07,372,17,270109.1532258064,3044.451612903226,,,,125388650.0,1309441.0,95.76,332.0,-0.198646727594563,-0.1350996341186812,,,,,,,
2025,19,Orlando-Daytona Beach-Melbourne,138090965,1364509,101.2,0.141,410,15,336807.23170731706,3328.070731707317,,,,,,,,,,196.0,82.0,101.2,82.0,1.2351590685470646,1.0,1.0
2024,43,Palm Springs,37704587,295722,127.5,-0.16,155,144,243255.4,1907.883870967742,,,,,,,,,,66.5,57.0,121.965,56.0,0.4190718268284684,1.045381871848481,0.9824561403508771
2025,45,Palm Springs,46054644,395552,116.43,-0.087,137,145,336165.28467153286,2887.2408759124087,,,,37704587.0,295722.0,127.5,155.0,0.221459977800579,0.3375805655311408,66.5,57.0,121.965,56.0,0.4190718268284684,0.9546181281515189,0.9824561403508771
2022,95,Peoria,1633251,31249,52.27,0.0,22,123,74238.68181818182,1420.409090909091,,,,,,,,,,,,,,,,
2023,88,Peoria,7702755,144461,53.32,0.02,65,118,118503.92307692308,2222.476923076923,,,,1633251.0,31249.0,52.27,22.0,3.716210184472565,3.62289993279785,,,,,,,
2024,87,Peoria,10751912,175811,61.16,0.15,96,122,111999.08333333331,1831.3645833333333,,,,7702755.0,144461.0,53.32,65.0,0.3958527825433886,0.2170135884425554,,,,,,,
2025,81,Peoria-Bloomington,11338093,208948,54.26,-0.113,132,122,85894.64393939394,1582.939393939394,,,,,,,,,,89.0,20.0,54.26,20.0,0.5608630464320855,1.0,1.0
2022,11,Philadelphia,44849510,588615,76.19,0.0,282,4,159040.81560283687,2087.2872340425533,,,,,,,,,,206.75,88.75,86.8375,90.0,1.3029037623576818,0.877385921980711,1.0140845070422535
2023,13,Philadelphia,164812261,2013176,81.87,0.07,811,4,203221.0369913687,2482.3378545006167,,,,44849510.0,588615.0,76.19,282.0,2.674783983147196,2.420191466408433,206.75,88.75,86.8375,90.0,1.3029037623576818,0.9427954512739312,1.0140845070422535
2024,14,Philadelphia,193388753,2111358,91.59,0.12,681,4,283977.610866373,3100.3788546255505,,,,164812261.0,2013176.0,81.87,811.0,0.1733881437376798,0.0487697051822593,206.75,88.75,86.8375,90.0,1.3029037623576818,1.054728659853174,1.0140845070422535
2025,11,Philadelphia,221076789,2262919,97.7,0.067,618,5,357729.43203883496,3661.681229773463,,,,193388753.0,2111358.0,91.59,681.0,0.1431729382938831,0.0717836577217128,206.75,88.75,86.8375,90.0,1.3029037623576818,1.1250899668921837,1.0140845070422535
2022,16,Phoenix,37372226,486807,76.77,0.0,140,11,266944.47142857144,3477.192857142857,,,,,,,,,,,,,,,,
2023,19,Phoenix,118125380,1341434,88.06,0.15,364,12,324520.2747252747,3685.2582417582416,,,,37372226.0,486807.0,76.77,140.0,2.1607798796892643,1.7555766453645902,,,,,,,
2024,15,Phoenix,189302855,1814532,104.33,0.18,417,11,453963.6810551559,4351.395683453237,,,,118125380.0,1341434.0,88.06,364.0,0.6025586965307541,0.3526807878732758,,,,,,,
2025,14,Phoenix (Prescott),190514120,1839208,103.58,-0.007,490,12,388804.32653061225,3753.4857142857145,,,,,,,,,,199.0,87.0,103.58,87.0,1.2540645644942137,1.0,1.0
2022,24,Pittsburgh,25292525,321733,78.61,0.0,72,26,351285.06944444444,4468.513888888889,,,,,,,,,,185.5,77.25,78.935,76.0,1.1689898327320434,0.9958826882878318,0.9838187702265372
2023,24,Pittsburgh,72753697,948744,76.68,-0.02,244,23,298170.8893442623,3888.295081967213,,,,25292525.0,321733.0,78.61,72.0,1.8764900696945044,1.948855106563517,185.5,77.25,78.935,76.0,1.1689898327320434,0.9714321910432635,0.9838187702265372
2024,22,Pittsburgh,108505634,1354723,80.09,0.04,233,26,465689.41630901286,5814.261802575107,,,,72753697.0,948744.0,76.68,244.0,0.4914105876983818,0.4279120605769311,185.5,77.25,78.935,76.0,1.1689898327320434,1.0146322923924749,0.9838187702265372
2025,25,Pittsburgh,99669657,1240263,80.36,0.003,671,27,148538.9821162444,1848.3800298062592,,,,108505634.0,1354723.0,80.09,233.0,-0.081433347507098,-0.0844895967662762,185.5,77.25,78.935,76.0,1.1689898327320434,1.0180528282764298,0.9838187702265372
2022,28,Portland,19362746,298511,64.86,0.0,121,21,160022.69421487604,2467.03305785124,,,,,,,,,,,,,,,,
2023,25,Portland,70671109,1131298,62.47,-0.04,595,25,118774.9731092437,1901.341176470588,,,,19362746.0,298511.0,64.86,121.0,2.649849509981694,2.7898033908298188,,,,,,,
2024,31,"Portland, OR",72567462,1177172,61.65,-0.01,560,23,129584.75357142858,2102.092857142857,,,,,,,,,,188.0,71.5,68.39,73.0,1.1847444126880007,0.9014475800555637,1.020979020979021
2025,28,"Portland, OR",87079505,1159042,75.13,0.219,573,23,151971.21291448516,2022.760907504363,,,,72567462.0,1177172.0,61.65,560.0,0.1999800268610745,-0.0154013177343668,188.0,71.5,68.39,73.0,1.1847444126880007,1.0985524199444363,1.020979020979021
2024,80,Portland-Auburn,12649918,247231,51.17,0.03,161,78,78570.91925465838,1535.5962732919254,,,,,,,,,,,,,,,,
2022,66,Portland-Poland Spring,4256237,91675,46.43,0.0,45,78,94583.04444444444,2037.2222222222224,,,,,,,,,,,,,,,,
2023,76,Portland-Poland Spring,11520540,231971,49.66,0.07,138,81,83482.17391304347,1680.9492753623188,,,,4256237.0,91675.0,46.43,45.0,1.7067430690537204,1.5303626943005182,,,,,,,
2022,93,Providence-New Bedford,1783186,30923,57.67,0.0,15,52,118879.06666666668,2061.5333333333333,,,,,,,,,,159.25,34.0,63.8325,42.0,1.0035667431944901,0.9034582696902048,1.2352941176470589
2023,52,Providence-New Bedford,21425722,303378,70.62,0.22,234,52,91562.91452991452,1296.4871794871794,,,,1783186.0,30923.0,57.67,15.0,11.015416226910707,8.810755748148628,159.25,34.0,63.8325,42.0,1.0035667431944901,1.106332980848314,1.2352941176470589
2024,64,Providence-New Bedford,21999534,337000,65.28,-0.08,248,51,88707.79838709677,1358.8709677419354,,,,21425722.0,303378.0,70.62,234.0,0.0267814545526166,0.110825438891416,159.25,34.0,63.8325,42.0,1.0035667431944901,1.0226765362472094,1.2352941176470589
2025,59,Providence-New Bedford,24182813,391564,61.76,-0.054,274,52,88258.44160583941,1429.065693430657,,,,21999534.0,337000.0,65.28,248.0,0.099242056672655,0.1619109792284867,159.25,34.0,63.8325,42.0,1.0035667431944901,0.9675322132142716,1.2352941176470589
2022,29,Raleigh-Durham,19035829,331547,57.42,0.0,82,24,232144.25609756095,4043.256097560976,,,,,,,,,,,,,,,,
2023,27,Raleigh-Durham,65383987,908314,71.98,0.25,364,24,179626.3379120879,2495.368131868132,,,,19035829.0,331547.0,57.42,82.0,2.4347853723628217,1.739623643103391,,,,,,,
2024,30,Raleigh-Durham,73157173,994966,73.53,0.02,357,22,204922.0532212885,2787.019607843137,,,,65383987.0,908314.0,71.98,364.0,0.1188851637328265,0.0953987277527375,,,,,,,
2025,30,Raleigh-Durham (Fayetteville),83701154,1057695,79.14,0.076,342,22,244740.21637426905,3092.6754385964914,,,,,,,,,,189.0,71.0,79.14,71.0,1.1910462446703838,1.0,1.0
2022,82,Reno,2747403,36873,74.51,0.0,16,104,171712.6875,2304.5625,,,,,,,,,,105.75,29.0,80.78,17.0,0.6664187321370004,0.9223817776677395,0.5862068965517241
2023,56,Reno,20501464,239297,85.67,0.15,110,112,186376.94545454544,2175.427272727273,,,,2747403.0,36873.0,74.51,16.0,6.46212477747167,5.489762156591544,105.75,29.0,80.78,17.0,0.6664187321370004,1.0605347858380787,0.5862068965517241
2024,66,Reno,21143521,253123,83.53,-0.03,224,102,94390.71875,1130.013392857143,,,,20501464.0,239297.0,85.67,110.0,0.0313176171223674,0.0577775734756391,105.75,29.0,80.78,17.0,0.6664187321370004,1.0340430799702898,0.5862068965517241
2025,84,Reno,10355497,130403,79.41,-0.049,60,103,172591.61666666667,2173.383333333333,,,,21143521.0,253123.0,83.53,224.0,-0.5102283578974383,-0.4848235837912793,105.75,29.0,80.78,17.0,0.6664187321370004,0.983040356523892,0.5862068965517241
2022,76,Richmond,3301837,52883,62.44,0.0,34,56,97112.85294117648,1555.3823529411766,,,,,,,,,,,,,,,,
2023,55,Richmond,20847440,324620,64.22,0.03,320,55,65148.25,1014.4375,,,,3301837.0,52883.0,62.44,34.0,5.313891327766937,5.138456592855928,,,,,,,
2024,50,Richmond,32758075,495844,66.07,0.03,434,56,75479.43548387097,1142.497695852535,,,,20847440.0,324620.0,64.22,320.0,0.5713236253468053,0.5274597991497751,,,,,,,
2025,64,Richmond-Petersburg,20773060,338806,61.31,-0.072,268,56,77511.41791044777,1264.2014925373137,,,,,,,,,,155.0,37.0,61.31,37.0,0.9767839572693623,1.0,1.0
2022,39,Roanoke-Lynchburg,10393765,160389,64.8,0.0,12,71,866147.0833333334,13365.75,,,,,,,,,,,,,,,,
2022,63,Rochester,4561347,84383,54.06,0.0,26,77,175436.42307692306,3245.5,,,,,,,,,,,,,,,,
2023,70,Rochester,14590313,218391,66.81,0.24,68,76,214563.42647058825,3211.6323529411766,,,,4561347.0,84383.0,54.06,26.0,2.1986851690958837,1.5880923882772595,,,,,,,
2022,17,Sacramento-Stockton,37090748,438615,84.56,0.0,84,20,441556.5238095238,5221.607142857143,,,,,,,,,,,,,,,,
2023,28,Sacramento-Stockton,52137206,718619,72.55,-0.14,311,20,167643.7491961415,2310.672025723473,,,,37090748.0,438615.0,84.56,84.0,0.4056660706869541,0.6383821802719924,,,,,,,
2024,26,Sacramento-Stockton,99934450,1236730,80.81,0.11,475,20,210388.31578947368,2603.642105263158,,,,52137206.0,718619.0,72.55,311.0,0.9167588305364888,0.7209814936704986,,,,,,,
2025,29,Sacramento-Stockton-Modesto,86811149,1053408,82.41,0.02,382,20,227254.31675392672,2757.612565445026,,,,,,,,,,191.0,72.0,82.41,72.0,1.2036499086351498,1.0,1.0
2022,41,Salt Lake City,9075899,174799,51.92,0.0,58,30,156481.0172413793,3013.7758620689656,,,,,,,,,,180.75,65.25,66.27250000000001,75.0,1.139056130815724,0.7834320419480176,1.1494252873563218
2023,38,Salt Lake City,38454385,619892,62.03,0.19,283,34,135881.21908127208,2190.4310954063603,,,,9075899.0,174799.0,51.92,58.0,3.2369780668559667,2.5463131940114074,180.75,65.25,66.27250000000001,75.0,1.139056130815724,0.9359840054321173,1.1494252873563218
2024,38,Salt Lake City,43825816,746466,58.71,-0.05,254,29,172542.58267716537,2938.8425196850394,,,,38454385.0,619892.0,62.03,283.0,0.1396831856757039,0.2041871809928181,180.75,65.25,66.27250000000001,75.0,1.139056130815724,0.8858878116865969,1.1494252873563218
2025,26,Salt Lake City,90298937,976967,92.43,0.574,286,28,315730.5489510489,3415.968531468532,,,,43825816.0,746466.0,58.71,254.0,1.0604051502429526,0.3087896836560539,180.75,65.25,66.27250000000001,75.0,1.139056130815724,1.3946961409332679,1.1494252873563218
2022,32,San Antonio,17689586,246648,71.72,0.0,95,31,186206.16842105263,2596.294736842105,,,,,,,,,,180.0,69.5,95.265,74.0,1.134329756828937,0.7528473206319215,1.064748201438849
2023,35,San Antonio,43351515,447043,96.97,0.35,110,31,394104.6818181818,4064.0272727272727,,,,17689586.0,246648.0,71.72,95.0,1.4506800215674915,0.8124736466543414,180.0,69.5,95.265,74.0,1.134329756828937,1.0178974439720778,1.064748201438849
2024,32,San Antonio,68158094,654207,104.18,0.07,110,31,619619.0363636364,5947.336363636364,,,,43351515.0,447043.0,96.97,110.0,0.5722194253188153,0.4634095601541685,180.0,69.5,95.265,74.0,1.134329756828937,1.0935810633496037,1.064748201438849
2025,27,San Antonio,89643090,828536,108.19,0.038,224,31,400192.3660714286,3698.821428571429,,,,68158094.0,654207.0,104.18,110.0,0.3152229579659313,0.2664737613629937,180.0,69.5,95.265,74.0,1.134329756828937,1.1356741720463968,1.064748201438849
2022,30,San Diego,18220546,260642,69.91,0.0,75,27,242940.6133333333,3475.2266666666665,,,,,,,,,,182.25,76.5,89.425,77.0,1.1485088787892985,0.7817724350013978,1.0065359477124183
2023,23,San Diego,89289475,984104,90.73,0.3,305,28,292752.3770491804,3226.570491803279,,,,18220546.0,260642.0,69.91,75.0,3.900482949303495,2.7756923289416133,182.25,76.5,89.425,77.0,1.1485088787892985,1.0145932345540958,1.0065359477124183
2024,21,San Diego,115498960,1152062,100.25,0.1,272,30,424628.5294117647,4235.52205882353,,,,89289475.0,984104.0,90.73,305.0,0.2935338683534649,0.1706709859933504,182.25,76.5,89.425,77.0,1.1485088787892985,1.1210511601901034,1.0065359477124183
2025,24,San Diego,101276046,1046092,96.81,-0.034,310,30,326696.9225806452,3374.490322580645,,,,115498960.0,1152062.0,100.25,272.0,-0.1231432213761924,-0.0919828967538205,182.25,76.5,89.425,77.0,1.1485088787892985,1.082583170254403,1.0065359477124183
2023,5,San Francisco-Oakland-San Jose,276405667,3029716,91.23,-0.07,803,6,344216.2727272727,3772.9962640099625,,,,,,,,,,202.3333333333333,95.33333333333331,96.33333333333331,95.0,1.2750706711021567,0.9470242214532875,0.9965034965034967
2024,6,San Francisco-Oakland-San Jose,297753016,2981819,99.86,0.09,899,10,331204.6896551724,3316.817575083426,,,,276405667.0,3029716.0,91.23,803.0,0.0772319512537345,-0.0158090725335311,202.3333333333333,95.33333333333331,96.33333333333331,95.0,1.2750706711021567,1.0366089965397927,0.9965034965034967
2025,6,San Francisco-Oakland-San Jose,322243534,3291183,97.91,-0.019,1061,10,303716.808671065,3101.9632422243167,,,,297753016.0,2981819.0,99.86,899.0,0.0822511164756765,0.103750093483206,202.3333333333333,95.33333333333331,96.33333333333331,95.0,1.2750706711021567,1.0163667820069207,0.9965034965034967
2022,4,San Francisco/Oakland/San Jose,105505880,1079209,97.76,0.0,214,6,493018.1308411215,5043.032710280374,,,,,,,,,,,,,,,,
2022,57,Santa Barbara-Santa Maria,5452643,82586,66.02,0.0,32,121,170395.09375,2580.8125,,,,,,,,,,,,,,,,
2024,85,Santa Barbara-Santa Maria,10859565,141595,76.69,0.33,64,124,169680.703125,2212.421875,,,,5452643.0,82586.0,66.02,32.0,0.991614892080776,0.7145157774925532,,,,,,,
2025,87,Santa Barbara-Santa Maria-San Luis Obispo,8935471,120379,74.23,-0.032,73,123,122403.71232876711,1649.027397260274,,,,,,,,,,88.0,14.0,74.23,14.0,0.5545612144497025,1.0,1.0
2023,93,Savannah,7238928,68749,105.3,1.26,21,91,344710.8571428572,3273.7619047619046,,,,,,,,,,123.66666666666669,14.666666666666666,86.77333333333333,18.0,0.7793265551546956,1.2135064535955749,1.2272727272727273
2024,83,Savannah,11578986,134196,86.28,-0.18,44,87,263158.7727272727,3049.909090909091,,,,7238928.0,68749.0,105.3,21.0,0.5995442971666523,0.9519702104757888,123.66666666666669,14.666666666666666,86.77333333333333,18.0,0.7793265551546956,0.9943146896127844,1.2272727272727273
2025,83,Savannah,10745541,156318,68.74,-0.203,60,84,179092.35,2605.3,,,,11578986.0,134196.0,86.28,44.0,-0.0719791007606365,0.1648484306536708,123.66666666666669,14.666666666666666,86.77333333333333,18.0,0.7793265551546956,0.792178856791641,1.2272727272727273
2022,19,Seattle-Tacoma,36758387,557454,65.94,0.0,243,12,151269.08230452676,2294.0493827160494,,,,,,,,,,198.25,89.25,84.075,93.0,1.2493381905074263,0.784299732381802,1.0420168067226891
2023,9,Seattle-Tacoma,199495942,2377347,83.92,0.27,1137,14,175458.17238346525,2090.8944591029026,,,,36758387.0,557454.0,65.94,243.0,4.427222418655095,3.264651433122733,198.25,89.25,84.075,93.0,1.2493381905074263,0.9981564079690752,1.0420168067226891
2024,11,Seattle-Tacoma,238477665,2560288,93.14,0.11,1110,12,214844.74324324325,2306.5657657657657,,,,199495942.0,2377347.0,83.92,1137.0,0.1954010823939467,0.0769517449493069,198.25,89.25,84.075,93.0,1.2493381905074263,1.1078203984537616,1.0420168067226891
2025,8,Seattle-Tacoma,259109740,2777182,93.3,0.002,1130,13,229300.65486725664,2457.683185840708,,,,238477665.0,2560288.0,93.14,1110.0,0.0865157540015331,0.0847146883475609,198.25,89.25,84.075,93.0,1.2493381905074263,1.1097234611953612,1.0420168067226891
2025,99,Shreveport-Texarkana,6021498,97799,61.57,-0.011,33,91,182469.63636363635,2963.6060606060605,,,,,,,,,,120.0,2.0,61.57,2.0,0.7562198378859579,1.0,1.0
2022,74,Sioux Falls-Mitchell,3372345,59764,56.43,0.0,25,109,134893.8,2390.56,,,,,,,,,,100.75,27.5,67.8575,23.0,0.6349095722250855,0.8315956231809306,0.8363636363636363
2023,63,Sioux Falls-Mitchell,16937485,231212,73.26,0.3,117,109,144764.82905982906,1976.17094017094,,,,3372345.0,59764.0,56.43,25.0,4.022465079936958,2.868750418312027,100.75,27.5,67.8575,23.0,0.6349095722250855,1.0796153704454188,0.8363636363636363
2024,79,Sioux Falls-Mitchell,13255402,185443,71.48,-0.02,116,112,114270.70689655172,1598.646551724138,,,,16937485.0,231212.0,73.26,117.0,-0.2173925467683071,-0.1979525284154801,100.75,27.5,67.8575,23.0,0.6349095722250855,1.0533839295582654,0.8363636363636363
2025,78,Sioux Falls-Mitchell,11992775,170686,70.26,-0.017,106,111,113139.38679245285,1610.245283018868,,,,13255402.0,185443.0,71.48,116.0,-0.0952537689916911,-0.0795770128826647,100.75,27.5,67.8575,23.0,0.6349095722250855,1.0354050768153853,0.8363636363636363
2022,69,South Bend-Elkhart,3812010,70460,54.1,0.0,100,98,38120.1,704.6,,,,,,,,,,112.75,28.0,60.055,31.0,0.7105315560136813,0.900840895845475,1.1071428571428572
2023,64,South Bend-Elkhart,16564926,232736,71.17,0.32,191,96,86727.36125654451,1218.5130890052355,,,,3812010.0,70460.0,54.1,100.0,3.345457121046377,2.303093954016463,112.75,28.0,60.055,31.0,0.7105315560136813,1.1850803430188994,1.1071428571428572
2024,89,South Bend-Elkhart,10505934,177496,59.19,-0.17,175,99,60033.90857142857,1014.2628571428572,,,,16564926.0,232736.0,71.17,191.0,-0.3657723553971808,-0.2373504743572115,112.75,28.0,60.055,31.0,0.7105315560136813,0.9855965365082008,1.1071428571428572
2025,70,South Bend-Elkhart,16294655,292219,55.76,-0.058,536,100,30400.475746268658,545.1847014925373,,,,10505934.0,177496.0,59.19,175.0,0.5509953708066317,0.6463413260017128,112.75,28.0,60.055,31.0,0.7105315560136813,0.9284822246274248,1.1071428571428572
2023,73,Spokane,12466832,193312,64.49,0.51,118,73,105651.1186440678,1638.2372881355932,,,,,,,,,,142.33333333333334,45.0,66.90666666666665,50.0,0.8969607521591779,0.9638800318852133,1.1111111111111112
2024,44,Spokane,36042532,519248,69.41,0.08,199,67,181118.2512562814,2609.286432160804,,,,12466832.0,193312.0,64.49,118.0,1.8910738509991951,1.6860619102797552,142.33333333333334,45.0,66.90666666666665,50.0,0.8969607521591779,1.0374153049023518,1.1111111111111112
2025,51,Spokane,36879587,551932,66.82,-0.037,191,66,193086.8429319372,2889.696335078534,,,,36042532.0,519248.0,69.41,199.0,0.0232240898058992,0.0629448741256586,142.33333333333334,45.0,66.90666666666665,50.0,0.8969607521591779,0.9987046632124353,1.1111111111111112
2022,64,Springfield,4430979,89433,49.55,0.0,46,74,96325.6304347826,1944.195652173913,,,,,,,,,,,,,,,,
2023,92,Springfield,7404931,143389,51.64,0.04,149,75,49697.523489932886,962.3422818791946,,,,4430979.0,89433.0,49.55,46.0,0.6711726686134147,0.6033119765634609,,,,,,,
2025,90,"Springfield, MO",8751091,138614,63.13,0.027,40,74,218777.275,3465.35,,,,,,,,,,137.0,11.0,63.13,11.0,0.8633509815864686,1.0,1.0
2024,95,Springfield-Holyoke,8637238,99990,86.38,0.67,88,114,98150.43181818182,1136.25,,,,,,,,,,,,,,,,
2022,27,St. Louis,21431165,267759,80.04,0.0,43,23,498399.1860465116,6226.953488372093,,,,,,,,,,188.0,70.25,79.78,67.0,1.1847444126880007,1.0032589621459014,0.9537366548042705
2023,34,St. Louis,43997023,563424,78.09,-0.02,146,21,301349.4726027397,3859.068493150685,,,,21431165.0,267759.0,80.04,43.0,1.0529459317773906,1.1042205864228651,188.0,70.25,79.78,67.0,1.1847444126880007,0.978816746051642,0.9537366548042705
2024,28,St. Louis,79429740,983274,80.78,0.03,196,24,405253.7755102041,5016.7040816326535,,,,43997023.0,563424.0,78.09,146.0,0.8053435115371328,0.7451759243482705,188.0,70.25,79.78,67.0,1.1847444126880007,1.0125344697919278,0.9537366548042705
2025,34,St. Louis,67854447,845939,80.21,-0.007,422,24,160792.52843601897,2004.5947867298576,,,,79429740.0,983274.0,80.78,196.0,-0.1457299621023561,-0.1396711394789245,188.0,70.25,79.78,67.0,1.1847444126880007,1.0053898220105288,0.9537366548042705
2022,56,Syracuse,5508543,107007,51.48,0.0,68,87,81007.98529411765,1573.6323529411766,,,,,,,,,,124.75,42.25,74.7525,41.0,0.7861535398022771,0.688672619644828,0.9704142011834319
2023,57,Syracuse,19483787,254062,76.69,0.49,147,85,132542.768707483,1728.312925170068,,,,5508543.0,107007.0,51.48,68.0,2.537012781782769,1.374255889801602,124.75,42.25,74.7525,41.0,0.7861535398022771,1.0259188655897795,0.9704142011834319
2024,62,Syracuse,22185610,307843,72.07,-0.06,95,85,233532.73684210525,3240.452631578947,,,,19483787.0,254062.0,76.69,147.0,0.138670321123917,0.2116845494406876,124.75,42.25,74.7525,41.0,0.7861535398022771,0.9641149125447309,0.9704142011834319
2025,60,Syracuse,23918054,242154,98.77,0.371,70,88,341686.4857142857,3459.342857142857,,,,22185610.0,307843.0,72.07,95.0,0.0780886349304796,-0.2133847448212238,124.75,42.25,74.7525,41.0,0.7861535398022771,1.3212936022206616,0.9704142011834319
2022,18,Tampa-St. Petersburg,36848355,414481,88.9,0.0,142,13,259495.45774647887,2918.8802816901407,,,,,,,,,,,,,,,,
2023,20,Tampa-St. Petersburg,110729314,1272964,86.99,-0.02,480,11,230686.07083333333,2652.008333333333,,,,36848355.0,414481.0,88.9,142.0,2.005000196073882,2.071224012680919,,,,,,,
2024,16,Tampa-St. Petersburg,180919605,1874169,96.53,0.11,596,13,303556.3842281879,3144.5788590604025,,,,110729314.0,1272964.0,86.99,480.0,0.6338907780102385,0.4722875116656873,,,,,,,
2025,16,Tampa-St. Petersburg (Sarasota),170857012,1843671,92.67,-0.04,734,11,232775.22070844687,2511.813351498637,,,,,,,,,,200.0,85.0,92.67,85.0,1.2603663964765965,1.0,1.0
2022,94,Toledo,1775188,32587,54.48,0.0,13,80,136552.92307692306,2506.692307692308,,,,,,,,,,131.25,17.0,55.48,30.0,0.8271154476877665,0.9819754866618601,1.7647058823529411
2023,80,Toledo,10244973,208934,49.03,-0.1,52,78,197018.71153846156,4017.9615384615386,,,,1775188.0,32587.0,54.48,13.0,4.771204514676755,5.411575168011784,131.25,17.0,55.48,30.0,0.8271154476877665,0.8837418889689979,1.7647058823529411
2024,91,Toledo,9834667,171418,57.37,0.17,71,80,138516.4366197183,2414.3380281690143,,,,10244973.0,208934.0,49.03,52.0,-0.040049495494034,-0.1795590952166712,131.25,17.0,55.48,30.0,0.8271154476877665,1.0340663302090844,1.7647058823529411
2025,71,Toledo,15884478,260232,61.04,0.064,115,81,138125.8956521739,2262.886956521739,,,,9834667.0,171418.0,57.37,71.0,0.6151515857120531,0.518113617006382,131.25,17.0,55.48,30.0,0.8271154476877665,1.1002162941600577,1.7647058823529411
2022,99,Tucson,1466031,37595,39.0,0.0,50,64,29320.62,751.9,,,,,,,,,,,,,,,,
2024,92,Tucson,9577877,202694,47.25,0.2,317,65,30214.12302839117,639.4132492113565,,,,1466031.0,37595.0,39.0,50.0,5.53320223105787,4.391514829099615,,,,,,,
2025,91,Tucson (Sierra Vista),8744219,177603,49.23,0.042,298,65,29343.01677852349,595.98322147651,,,,,,,,,,146.0,10.0,49.23,10.0,0.9200674694279155,1.0,1.0
2022,45,Tulsa,7011284,134097,52.29,0.0,35,61,200322.4,3831.342857142857,,,,,,,,,,150.5,48.0,67.54499999999999,47.0,0.9484257133486389,0.7741505662891407,0.9791666666666666
2023,62,Tulsa,17824702,268756,66.32,0.27,92,58,193746.7608695652,2921.260869565217,,,,7011284.0,134097.0,52.29,35.0,1.542287832014792,1.004190996070009,150.5,48.0,67.54499999999999,47.0,0.9484257133486389,0.9818639425568141,0.9791666666666666
2024,51,Tulsa,31602558,495715,63.75,-0.04,129,62,244981.06976744183,3842.751937984496,,,,17824702.0,268756.0,66.32,92.0,0.7729641707334014,0.8444797511497417,150.5,48.0,67.54499999999999,47.0,0.9484257133486389,0.9438152342882524,0.9791666666666666
2025,54,Tulsa,34378278,391444,87.82,0.378,85,61,404450.3294117647,4605.2235294117645,,,,31602558.0,495715.0,63.75,129.0,0.087832130550951,-0.2103446536820552,150.5,48.0,67.54499999999999,47.0,0.9484257133486389,1.3001702568657934,0.9791666666666666
2022,14,Washington,39606979,448931,88.23,0.0,272,9,145613.89338235295,1650.4816176470588,,,,,,,,,,,,,,,,
2023,10,Washington,194070404,2642273,73.45,-0.17,1789,7,108479.8233650084,1476.9552822806038,,,,39606979.0,448931.0,88.23,272.0,3.8999042315244496,4.885699584123173,,,,,,,
2025,7,"Washington, D.C. (Hagerstown)",286436286,3626771,78.98,-0.089,2342,8,122304.13578138343,1548.5785653287787,,,,,,,,,,203.0,94.0,78.98,94.0,1.2792718924237456,1.0,1.0
2024,7,"Washington, DC",288561249,3328484,86.69,0.18,1886,9,153001.72269353128,1764.8377518557795,,,,,,,,,,,,,,,,
2022,46,West Palm Beach-Fort Pierce,7008460,121732,57.57,0.0,26,39,269556.1538461539,4682.0,,,,,,,,,,172.25,52.25,66.5975,51.0,1.0854905589654689,0.8644468636210069,0.9760765550239234
2023,50,West Palm Beach-Fort Pierce,22335245,346362,64.49,0.12,187,38,119439.8128342246,1852.2032085561495,,,,7008460.0,121732.0,57.57,26.0,2.1868976922176917,1.845283080866165,172.25,52.25,66.5975,51.0,1.0854905589654689,0.9683546679680168,0.9760765550239234
2024,49,West Palm Beach-Fort Pierce,32875829,467915,70.26,0.09,166,39,198047.1626506024,2818.765060240964,,,,22335245.0,346362.0,64.49,187.0,0.4719260522998516,0.3509420779415755,172.25,52.25,66.5975,51.0,1.0854905589654689,1.0549945568527348,0.9760765550239234
2025,50,West Palm Beach-Fort Pierce,40217758,542955,74.07,0.054,247,39,162824.93117408906,2198.198380566801,,,,32875829.0,467915.0,70.26,166.0,0.2233230073072833,0.1603710075547908,172.25,52.25,66.5975,51.0,1.0854905589654689,1.1122039115582416,0.9760765550239234
2022,71,Wichita-Hutchinson,3596819,87782,40.97,0.0,51,70,70525.86274509804,1721.2156862745098,,,,,,,,,,,,,,,,
2023,78,Wichita-Hutchinson,11382122,216012,52.69,0.29,91,66,125078.26373626372,2373.7582417582416,,,,3596819.0,87782.0,40.97,51.0,2.1644967400361264,1.460777836002825,,,,,,,
2024,96,Wichita-Hutchinson,8009338,141098,56.76,0.08,79,70,101384.02531645568,1786.0506329113923,,,,11382122.0,216012.0,52.69,91.0,-0.2963229527850782,-0.346804807140344,,,,,,,
2025,82,Wichita-Hutchinson Plus,11219008,187531,59.82,0.054,77,71,145701.4025974026,2435.4675324675327,,,,,,,,,,140.0,19.0,59.82,19.0,0.8822564775336176,1.0,1.0
2025,77,Wilkes Barre-Scranton-Hazleton,12242582,207589,58.98,0.043,112,59,109308.76785714286,1853.4732142857144,,,,,,,,,,152.0,24.0,58.98,24.0,0.9578784613222134,1.0,1.0
2023,90,Wilkes-Barre - Scranton,7609136,142195,53.51,0.07,85,56,89519.24705882353,1672.8823529411766,,,,,,,,,,,,,,,,
2024,84,Wilkes-Barre - Scranton,11402681,201720,56.53,0.06,106,57,107572.46226415096,1903.018867924528,,,,7609136.0,142195.0,53.51,85.0,0.498551346696918,0.418615281831288,,,,,,,
